entry_time,exit_time,symbol,dir,entry,exit,qty,pnl,reason
2021-02-06 16:00:00+00:00,2021-02-28 12:00:00+00:00,BTCUSDT,long,40258.99,43424.6,0.06471231804377897,202.68781748611713,regime_switch
2021-03-04 04:00:00+00:00,2021-03-27 00:00:00+00:00,BTCUSDT,long,49708.93,54761.83,0.04269596972166239,213.95427324428434,regime_switch
2021-03-28 04:00:00+00:00,2021-04-18 00:00:00+00:00,BTCUSDT,long,56209.31,52632.467375873945,0.058244900239498514,-210.86863320066703,stop
2021-04-29 12:00:00+00:00,2021-04-30 20:00:00+00:00,ETHUSDT,long,2778.21,2773.15,0.7743763677783747,-5.637881218170597,regime_switch
2021-05-06 04:00:00+00:00,2021-05-13 04:00:00+00:00,ETHUSDT,long,3440.8,3971.13,0.48711566842091203,256.8878655391666,regime_switch
2021-05-16 16:00:00+00:00,2021-06-03 08:00:00+00:00,BTCUSDT,short,45573.29,38783.65,0.038026252762546627,256.901455477611,regime_switch
2021-06-05 12:00:00+00:00,2021-06-12 16:00:00+00:00,BTCUSDT,short,36316.45,35719.8,0.061398338410542624,34.864156190519324,regime_switch
2021-06-17 16:00:00+00:00,2021-06-28 08:00:00+00:00,BTCUSDT,short,37682.27,34099.32,0.07019089199063916,249.47509092561785,regime_switch
2021-07-02 00:00:00+00:00,2021-07-02 12:00:00+00:00,ETHUSDT,short,2040.09,2123.46,0.9229512226040217,-78.48354485364659,regime_switch
2021-07-02 12:00:00+00:00,2021-07-04 08:00:00+00:00,BTCUSDT,short,33684.88,35492.0,0.07720853265486574,-141.66150169063786,regime_switch
2021-07-05 00:00:00+00:00,2021-07-05 04:00:00+00:00,BTCUSDT,short,34345.63,34237.24,0.09735098114389973,7.881228972521425,regime_switch
2021-07-05 16:00:00+00:00,2021-07-07 16:00:00+00:00,BTCUSDT,short,34098.7,34610.55,0.09364218366092088,-50.50438538992455,regime_switch
2021-07-12 08:00:00+00:00,2021-07-13 04:00:00+00:00,BTCUSDT,short,33524.79,33159.99,0.1161245245136649,39.26473119466595,regime_switch
2021-07-13 04:00:00+00:00,2021-07-13 20:00:00+00:00,ETHUSDT,short,2026.69,1940.32,1.3697862426355818,116.13485548747624,regime_switch
2021-07-14 00:00:00+00:00,2021-07-14 16:00:00+00:00,BTCUSDT,short,31808.0,32717.98,0.11292167243182216,-105.6710161102704,regime_switch
2021-07-14 20:00:00+00:00,2021-07-15 20:00:00+00:00,ETHUSDT,short,1993.82,1919.35,1.2809501236434473,93.38732546959243,regime_switch
2021-07-16 04:00:00+00:00,2021-07-18 00:00:00+00:00,BTCUSDT,short,31768.61,32155.46,0.12145800145441642,-50.091663777453704,regime_switch
2021-07-19 08:00:00+00:00,2021-07-20 00:00:00+00:00,SOLUSDT,short,24.79,22.838,73.22408586875433,141.5384089111055,regime_switch
2021-07-20 00:00:00+00:00,2021-07-21 08:00:00+00:00,BTCUSDT,short,29582.94,31433.370573593565,0.11856763219550434,-222.29499544116476,stop
2021-07-28 08:00:00+00:00,2021-07-30 00:00:00+00:00,BTCUSDT,long,40729.99,39951.21,0.05074769008527636,-41.15903989793475,regime_switch
2021-08-01 00:00:00+00:00,2021-08-01 20:00:00+00:00,ETHUSDT,long,2615.71,2554.71,1.0927500947355056,-68.91774655679478,regime_switch
2021-08-02 04:00:00+00:00,2021-08-03 00:00:00+00:00,ETHUSDT,long,2617.49,2533.98,0.9304298339477047,-79.61742798364723,regime_switch
2021-08-04 12:00:00+00:00,2021-08-14 20:00:00+00:00,ETHUSDT,long,2672.39,3266.31,0.8621856685833376,510.0212074730096,regime_switch
2021-08-14 20:00:00+00:00,2021-08-19 00:00:00+00:00,BTCUSDT,long,47083.74,44197.25523292144,0.0766890628108424,-224.161913195769,stop
2021-08-19 12:00:00+00:00,2021-08-20 20:00:00+00:00,BTCUSDT,long,45789.99,49332.74,0.07034673979007333,246.54428281710975,regime_switch
2021-08-20 20:00:00+00:00,2021-08-22 12:00:00+00:00,ETHUSDT,long,3286.62,3181.85,0.9260806900536427,-99.42160396139664,regime_switch
2021-08-22 12:00:00+00:00,2021-08-25 08:00:00+00:00,BTCUSDT,long,48549.78,47592.49,0.08284308532531569,-82.49074606186335,regime_switch
2021-08-25 12:00:00+00:00,2021-08-28 12:00:00+00:00,ETHUSDT,long,3217.47,3248.0,0.9355216908491024,26.142042251009627,regime_switch
2021-08-28 12:00:00+00:00,2021-08-31 00:00:00+00:00,BTCUSDT,long,48840.0,47177.21,0.08803455580834069,-149.76411202547337,regime_switch
2021-08-31 00:00:00+00:00,2021-08-31 20:00:00+00:00,SOLUSDT,long,115.235,108.341,13.348782366220364,-93.22029257924729,regime_switch
2021-08-31 20:00:00+00:00,2021-09-01 00:00:00+00:00,ETHUSDT,long,3430.49,3444.05,0.8669526562415271,9.371917733260002,regime_switch
2021-09-01 00:00:00+00:00,2021-09-01 04:00:00+00:00,SOLUSDT,long,111.361,110.176,10.252434221485473,-13.0576519605104,regime_switch
2021-09-01 04:00:00+00:00,2021-09-01 08:00:00+00:00,ETHUSDT,long,3518.36,3532.96,0.8490404745276765,10.001248496565402,regime_switch
2021-09-01 08:00:00+00:00,2021-09-01 20:00:00+00:00,SOLUSDT,long,116.136,110.894,10.096552492102681,-53.84301628851499,regime_switch
2021-09-01 20:00:00+00:00,2021-09-02 00:00:00+00:00,ETHUSDT,long,3831.44,3770.3,0.7455491762703935,-47.84986503526044,regime_switch
2021-09-02 00:00:00+00:00,2021-09-02 16:00:00+00:00,SOLUSDT,long,113.859,127.344,10.623506145618803,142.2330117525329,regime_switch
2021-09-02 16:00:00+00:00,2021-09-05 00:00:00+00:00,ETHUSDT,long,3787.0,3848.05,0.8232051607049405,47.74259003614066,regime_switch
2021-09-05 00:00:00+00:00,2021-09-05 20:00:00+00:00,SOLUSDT,long,140.863,142.14,10.763754537395524,12.526844614115323,regime_switch
2021-09-05 20:00:00+00:00,2021-09-06 20:00:00+00:00,ETHUSDT,long,3952.56,3929.0,0.9493665878296557,-25.360072698856516,regime_switch
2021-09-06 20:00:00+00:00,2021-09-07 12:00:00+00:00,SOLUSDT,long,164.272,142.91423642969204,10.08858742038212,-216.709294963128,stop
2021-09-07 12:00:00+00:00,2021-09-07 16:00:00+00:00,SOLUSDT,long,168.371,173.863,5.672943799333406,30.37921764665058,regime_switch
2021-09-14 20:00:00+00:00,2021-09-16 00:00:00+00:00,ETHUSDT,long,3435.42,3542.97,0.6842927375114215,71.68557928074426,regime_switch
2021-09-18 08:00:00+00:00,2021-09-19 12:00:00+00:00,SOLUSDT,long,160.951,159.544,8.058460261363093,-12.371332076323954,regime_switch
2021-09-19 12:00:00+00:00,2021-09-19 20:00:00+00:00,BTCUSDT,long,47656.61,47256.91,0.0946300128673837,-41.416283190648464,regime_switch
2021-09-21 00:00:00+00:00,2021-10-01 08:00:00+00:00,BTCUSDT,short,42668.97,46303.55843259155,0.05835626964388297,-214.17786456089442,stop
2021-10-03 16:00:00+00:00,2021-10-06 04:00:00+00:00,SOLUSDT,long,175.633,156.7293272576299,10.99349677482708,-209.27899499474466,stop
2021-10-06 12:00:00+00:00,2021-10-07 08:00:00+00:00,SOLUSDT,long,160.796,157.894,10.55410673661745,-31.973413060020746,regime_switch
2021-10-07 08:00:00+00:00,2021-10-10 04:00:00+00:00,ETHUSDT,long,3578.67,3585.49,0.7246791130744971,2.8656247052783437,regime_switch
2021-10-10 04:00:00+00:00,2021-10-11 00:00:00+00:00,BTCUSDT,long,55699.0,56538.24,0.064691558948202,51.38742312063152,regime_switch
2021-10-11 00:00:00+00:00,2021-10-11 20:00:00+00:00,ETHUSDT,long,3519.72,3543.1,0.7978283507723668,16.399259628097187,regime_switch
2021-10-13 12:00:00+00:00,2021-10-20 04:00:00+00:00,ETHUSDT,long,3487.12,3860.92,0.7904221546042863,293.136579947515,regime_switch
2021-10-20 04:00:00+00:00,2021-10-20 12:00:00+00:00,BTCUSDT,long,64033.57,66914.74,0.05623517883717292,159.0775495577876,regime_switch
2021-10-20 12:00:00+00:00,2021-10-22 00:00:00+00:00,ETHUSDT,long,4083.64,4160.04,0.7833546135191872,57.26520256871564,regime_switch
2021-10-22 00:00:00+00:00,2021-10-27 08:00:00+00:00,SOLUSDT,long,201.88,179.22780204581952,9.473475836171291,-216.0392161765605,stop
2021-10-28 08:00:00+00:00,2021-10-29 20:00:00+00:00,SOLUSDT,long,195.486,200.529,7.847252581869014,38.33064287788195,regime_switch
2021-10-29 20:00:00+00:00,2021-10-31 08:00:00+00:00,ETHUSDT,long,4421.53,4209.95,0.651517947656188,-140.09759301903037,regime_switch
2021-10-31 20:00:00+00:00,2021-11-02 20:00:00+00:00,BTCUSDT,long,61348.61,63266.69,0.06229485991057494,116.38136783479,regime_switch
2021-11-02 20:00:00+00:00,2021-11-09 00:00:00+00:00,SOLUSDT,long,221.044,247.0,9.67330200118354,249.26921435798306,regime_switch
2021-11-09 00:00:00+00:00,2021-11-10 20:00:00+00:00,ETHUSDT,long,4819.79,4602.851039497954,0.9936063940463377,-219.29689682685827,stop
2021-11-10 20:00:00+00:00,2021-11-12 00:00:00+00:00,ETHUSDT,long,4632.21,4776.85,0.693647493010816,97.7185450368493,regime_switch
2021-11-13 16:00:00+00:00,2021-11-14 08:00:00+00:00,SOLUSDT,long,237.224,236.405,9.70180776872337,-9.7838035672614,regime_switch
2021-11-14 08:00:00+00:00,2021-11-16 00:00:00+00:00,BTCUSDT,long,64479.06,61210.61976251525,0.06514565960958525,-216.19995000315203,stop
2021-11-30 12:00:00+00:00,2021-12-02 04:00:00+00:00,ETHUSDT,long,4618.9,4562.68,0.5833639157857095,-34.939200330232104,regime_switch
2021-12-02 04:00:00+00:00,2021-12-04 00:00:00+00:00,SOLUSDT,long,222.97,198.13187311555077,8.37027337552374,-209.31180727755466,stop
2021-12-04 04:00:00+00:00,2022-01-27 12:00:00+00:00,BTCUSDT,short,47241.93,36625.3,0.030998009213480598,328.0545076888148,regime_switch
2022-01-27 12:00:00+00:00,2022-01-27 16:00:00+00:00,ETHUSDT,short,2478.44,2393.48,0.648440562102888,53.82784993893327,regime_switch
2022-01-27 16:00:00+00:00,2022-01-28 04:00:00+00:00,SOLUSDT,short,89.84,89.63,12.299741673169594,1.6999718961322139,regime_switch
2022-01-28 04:00:00+00:00,2022-01-30 16:00:00+00:00,BTCUSDT,short,36788.86,37505.73,0.06471120943711281,-48.312601818596995,regime_switch
2022-01-30 16:00:00+00:00,2022-01-30 20:00:00+00:00,ETHUSDT,short,2559.21,2600.45,0.879416033400763,-38.08211230980591,regime_switch
2022-01-31 00:00:00+00:00,2022-02-04 12:00:00+00:00,BTCUSDT,short,36998.67,39481.389205568514,0.08444749927857205,-212.24284821897913,stop
2022-02-11 20:00:00+00:00,2022-02-16 16:00:00+00:00,SOLUSDT,short,96.44,103.19,16.760110494634628,-114.46907418200131,regime_switch
2022-02-17 16:00:00+00:00,2022-02-20 04:00:00+00:00,SOLUSDT,short,94.86,87.29,18.841790852188613,141.25954386957721,regime_switch
2022-02-20 04:00:00+00:00,2022-02-28 16:00:00+00:00,BTCUSDT,short,38770.4,40948.255766625945,0.09456566587491971,-208.96583985660595,stop
2022-03-04 00:00:00+00:00,2022-03-05 16:00:00+00:00,SOLUSDT,short,91.47,90.1,16.5183414363254,21.430433665928433,regime_switch
2022-03-06 00:00:00+00:00,2022-03-09 04:00:00+00:00,BTCUSDT,short,39281.9,41820.038891279866,0.07966454212627533,-204.78405215763334,stop
2022-03-10 04:00:00+00:00,2022-03-19 08:00:00+00:00,BTCUSDT,short,39219.9,41718.6,0.05889614742492067,-149.0705899019899,regime_switch
2022-03-25 08:00:00+00:00,2022-03-31 16:00:00+00:00,ETHUSDT,long,3167.23,3282.42,1.048056287973542,118.02176531658094,regime_switch
2022-03-31 16:00:00+00:00,2022-04-05 08:00:00+00:00,SOLUSDT,long,123.01,134.52,13.708477246879044,156.37243545342236,regime_switch
2022-04-05 08:00:00+00:00,2022-04-06 00:00:00+00:00,ETHUSDT,long,3522.25,3351.227356116876,1.1730052772310442,-203.8355138855715,stop
2022-04-11 20:00:00+00:00,2022-04-19 12:00:00+00:00,BTCUSDT,short,39505.6,41713.08672807494,0.08903054819024349,-199.42613120427563,stop
2022-04-21 20:00:00+00:00,2022-04-28 16:00:00+00:00,BTCUSDT,short,40449.8,39973.2,0.08463631239203857,37.61498402544411,regime_switch
2022-04-28 16:00:00+00:00,2022-04-29 08:00:00+00:00,SOLUSDT,short,98.72,95.59,25.425777679608366,77.60649099280418,regime_switch
2022-04-29 08:00:00+00:00,2022-05-16 12:00:00+00:00,BTCUSDT,short,38737.7,29663.1,0.08629470760333142,780.7289028028576,regime_switch
2022-05-16 12:00:00+00:00,2022-05-16 20:00:00+00:00,ETHUSDT,short,2013.82,2022.89,0.8119597402592763,-8.675533245392579,regime_switch
2022-05-16 20:00:00+00:00,2022-05-25 12:00:00+00:00,BTCUSDT,short,29866.7,29616.1,0.0700847761873284,15.895709422546403,regime_switch
2022-05-25 12:00:00+00:00,2022-05-26 16:00:00+00:00,SOLUSDT,short,48.22,44.03,36.14720298584341,150.12294872050617,regime_switch
2022-05-26 16:00:00+00:00,2022-05-30 20:00:00+00:00,BTCUSDT,short,29374.8,31257.121302452964,0.11348280480867916,-216.36337314962515,stop
2022-06-01 16:00:00+00:00,2022-06-05 12:00:00+00:00,BTCUSDT,short,30116.5,29958.3,0.11859757274233082,15.912245822644433,regime_switch
2022-06-05 12:00:00+00:00,2022-06-06 00:00:00+00:00,SOLUSDT,short,39.78,41.75,45.956976577395785,-92.03399277761169,regime_switch
2022-06-07 00:00:00+00:00,2022-06-07 16:00:00+00:00,BTCUSDT,short,29547.5,31298.215934880864,0.11867224968483245,-210.64967774886736,stop
2022-06-08 00:00:00+00:00,2022-06-11 00:00:00+00:00,BTCUSDT,short,30006.0,29258.4,0.09129355809981665,66.08688085756249,regime_switch
2022-06-11 00:00:00+00:00,2022-06-11 04:00:00+00:00,ETHUSDT,short,1668.4,1666.15,1.5725612490054284,1.4407491651137927,regime_switch
2022-06-11 04:00:00+00:00,2022-06-23 04:00:00+00:00,BTCUSDT,short,29309.0,20446.2,0.12846948258362154,1136.042520322183,regime_switch
2022-06-28 00:00:00+00:00,2022-06-28 16:00:00+00:00,ETHUSDT,short,1181.42,1155.96,1.9676651728832195,48.25708281288933,regime_switch
2022-06-28 16:00:00+00:00,2022-06-30 00:00:00+00:00,SOLUSDT,short,35.91,32.98,44.50711697961003,129.17941463476726,regime_switch
2022-06-30 00:00:00+00:00,2022-07-02 00:00:00+00:00,BTCUSDT,short,20062.6,19121.7,0.19432996062431102,179.79918656097735,regime_switch
2022-07-02 00:00:00+00:00,2022-07-03 08:00:00+00:00,SOLUSDT,short,32.14,32.89,50.181116390752535,-38.941148492620655,regime_switch
2022-07-03 08:00:00+00:00,2022-07-05 00:00:00+00:00,BTCUSDT,short,19080.0,20354.054964647636,0.18365432042278496,-236.88259254005567,stop
2022-07-05 12:00:00+00:00,2022-07-06 12:00:00+00:00,ETHUSDT,short,1092.4,1132.85,2.174751031644693,-89.90442512329439,regime_switch
2022-07-11 00:00:00+00:00,2022-07-11 16:00:00+00:00,BTCUSDT,short,20540.0,20499.8,0.17085593582357142,4.063651246102813,regime_switch
2022-07-11 16:00:00+00:00,2022-07-11 20:00:00+00:00,ETHUSDT,short,1141.34,1095.95,2.8369421269934576,126.22997824371221,regime_switch
2022-07-11 20:00:00+00:00,2022-07-15 04:00:00+00:00,BTCUSDT,short,19954.3,20823.4,0.17590359939083403,-155.74699591252607,regime_switch
2022-07-26 12:00:00+00:00,2022-07-27 16:00:00+00:00,BTCUSDT,short,20737.6,22160.498812535152,0.1594919392950923,-229.67765142058911,stop
2022-08-20 08:00:00+00:00,2022-09-06 04:00:00+00:00,BTCUSDT,short,21220.1,19900.7,0.17356989949060783,226.15319213871825,regime_switch
2022-09-06 16:00:00+00:00,2022-09-07 00:00:00+00:00,ETHUSDT,short,1575.82,1509.2,1.7769237968103404,116.18592516285035,regime_switch
2022-09-07 00:00:00+00:00,2022-09-08 16:00:00+00:00,BTCUSDT,short,18736.3,19341.7,0.22418359260016651,-139.13533209575277,regime_switch
2022-09-13 12:00:00+00:00,2022-09-24 16:00:00+00:00,BTCUSDT,short,20823.9,19093.0,0.14063819378340475,241.18511333272238,regime_switch
2022-09-25 16:00:00+00:00,2022-09-27 12:00:00+00:00,SOLUSDT,short,32.7,34.37,84.1448504177967,-142.7793382447287,regime_switch
2022-09-27 16:00:00+00:00,2022-09-27 20:00:00+00:00,BTCUSDT,short,19068.7,19070.1,0.17127116319535696,-2.8526102840231577,regime_switch
2022-09-27 20:00:00+00:00,2022-09-28 00:00:00+00:00,SOLUSDT,short,32.66,32.32,75.79429460034379,23.800014858864472,regime_switch
2022-09-28 00:00:00+00:00,2022-09-28 12:00:00+00:00,BTCUSDT,short,18736.0,19477.9,0.16778589784338746,-127.04505901864837,regime_switch
2022-09-29 12:00:00+00:00,2022-10-02 04:00:00+00:00,BTCUSDT,short,19280.7,19276.5,0.1717705065258945,-1.9277597822792063,regime_switch
2022-10-02 04:00:00+00:00,2022-10-04 20:00:00+00:00,SOLUSDT,short,32.8,34.08,101.10830226628923,-132.1234762030781,regime_switch
2022-10-07 12:00:00+00:00,2022-10-26 08:00:00+00:00,BTCUSDT,short,19574.1,20462.321272130044,0.25171267387532525,-227.60762126111945,stop
2022-11-08 20:00:00+00:00,2022-11-09 16:00:00+00:00,SOLUSDT,short,23.82,11.742,26.785843215684086,323.13839109645795,regime_switch
2022-11-09 16:00:00+00:00,2022-11-18 04:00:00+00:00,BTCUSDT,short,16764.5,16739.8,0.11264958307505661,1.2727465314653326,regime_switch
2022-11-18 04:00:00+00:00,2022-11-21 08:00:00+00:00,SOLUSDT,short,13.597,11.795,103.49543953174194,185.4475995559629,regime_switch
2022-11-21 08:00:00+00:00,2022-11-24 00:00:00+00:00,BTCUSDT,short,16077.6,16757.063726475128,0.3373566016664218,-233.6523699479014,stop
2022-11-28 00:00:00+00:00,2022-11-28 16:00:00+00:00,SOLUSDT,short,13.051,13.349,152.33954140054092,-47.005888894550914,regime_switch
2022-11-28 16:00:00+00:00,2022-11-30 00:00:00+00:00,BTCUSDT,short,16215.1,16768.104216044307,0.40435208639437864,-228.94313951869472,stop
2022-12-07 04:00:00+00:00,2022-12-08 16:00:00+00:00,BTCUSDT,short,16755.4,17241.6818244751,0.45041688734398627,-225.15468966169263,stop
2022-12-12 00:00:00+00:00,2022-12-13 08:00:00+00:00,BTCUSDT,short,16909.0,17239.885963727873,0.6483395352944799,-223.3824811014142,stop
2022-12-16 08:00:00+00:00,2022-12-16 12:00:00+00:00,SOLUSDT,short,13.495,13.002,202.89605783261726,97.87730177372367,regime_switch
2022-12-16 12:00:00+00:00,2022-12-20 16:00:00+00:00,BTCUSDT,short,16961.8,16894.7,0.31951681691080963,17.11248997001853,regime_switch
2022-12-20 16:00:00+00:00,2022-12-28 08:00:00+00:00,SOLUSDT,short,12.233,9.999,235.4247477119514,523.8453011920466,regime_switch
2022-12-28 08:00:00+00:00,2023-01-03 20:00:00+00:00,BTCUSDT,short,16672.0,16667.2,0.7403647479952171,-6.3195165721683555,regime_switch
2023-01-06 08:00:00+00:00,2023-01-06 20:00:00+00:00,BTCUSDT,short,16731.4,17001.651285216696,0.8240816086608627,-233.82862873130367,stop
2023-01-14 00:00:00+00:00,2023-03-03 08:00:00+00:00,BTCUSDT,long,20996.3,22333.9,0.18508361727449057,244.35996240506813,regime_switch
2023-03-03 08:00:00+00:00,2023-03-06 08:00:00+00:00,SOLUSDT,short,21.133,20.681,141.37554786505402,61.53715677163241,regime_switch
2023-03-08 20:00:00+00:00,2023-03-13 00:00:00+00:00,BTCUSDT,short,21695.4,22517.52760611107,0.2726468275810028,-228.97228945289717,stop
2023-03-15 12:00:00+00:00,2023-03-17 04:00:00+00:00,SOLUSDT,short,19.237,19.992,73.7577283739305,-56.84446169287009,regime_switch
2023-03-17 04:00:00+00:00,2023-03-17 08:00:00+00:00,BTCUSDT,long,26046.9,26914.1,0.10586743882631287,89.56550477910606,regime_switch
2023-03-21 00:00:00+00:00,2023-03-27 20:00:00+00:00,BTCUSDT,long,27773.0,27112.0,0.11060322418509128,-75.53691437010484,regime_switch
2023-03-27 20:00:00+00:00,2023-03-29 00:00:00+00:00,SOLUSDT,short,19.887,20.646,133.8784260842119,-103.78432309570542,regime_switch
2023-03-29 00:00:00+00:00,2023-04-09 04:00:00+00:00,BTCUSDT,long,27354.1,27888.2,0.15246772435255135,78.06394446909763,regime_switch
2023-04-09 04:00:00+00:00,2023-04-11 00:00:00+00:00,SOLUSDT,short,20.0,20.979201860235488,222.83486352160818,-221.85295082717982,stop
2023-04-11 20:00:00+00:00,2023-04-19 08:00:00+00:00,BTCUSDT,long,30185.1,29054.97366377197,0.18914987379429096,-218.24535485196301,stop
2023-04-25 20:00:00+00:00,2023-04-26 20:00:00+00:00,BTCUSDT,long,28286.7,28395.9,0.17360955139257417,15.021906708963334,regime_switch
2023-04-26 20:00:00+00:00,2023-04-27 20:00:00+00:00,SOLUSDT,short,21.256,22.326,101.09407524321395,-109.93301330513886,regime_switch
2023-04-27 20:00:00+00:00,2023-05-08 16:00:00+00:00,BTCUSDT,long,29459.0,27329.1,0.10029308787534931,-215.89242942713628,regime_switch
2023-05-08 16:00:00+00:00,2023-05-10 04:00:00+00:00,SOLUSDT,short,20.382,20.539,123.08583672891763,-21.339194576353684,regime_switch
2023-05-20 04:00:00+00:00,2023-05-24 16:00:00+00:00,SOLUSDT,short,20.16,19.186,238.1623957718045,228.22187843212268,regime_switch
2023-05-27 00:00:00+00:00,2023-05-27 20:00:00+00:00,SOLUSDT,short,19.47,20.283228574115167,254.93438908528285,-211.37371574502995,stop
2023-06-07 20:00:00+00:00,2023-06-15 12:00:00+00:00,SOLUSDT,short,18.627,14.471,128.07988464057323,530.6043253574886,regime_switch
2023-06-15 12:00:00+00:00,2023-06-15 20:00:00+00:00,BTCUSDT,short,24948.4,25586.1,0.23629754008799184,-155.46341252994233,regime_switch
2023-06-15 20:00:00+00:00,2023-06-19 12:00:00+00:00,SOLUSDT,short,14.766,15.554,125.38141815810792,-100.3211833480106,regime_switch
2023-06-24 12:00:00+00:00,2023-06-24 20:00:00+00:00,BTCUSDT,long,30390.9,30524.2,0.14000855093112302,15.251685886788815,regime_switch
2023-06-25 00:00:00+00:00,2023-06-28 16:00:00+00:00,BTCUSDT,long,30742.0,30080.4,0.14989814645940688,-102.81947970682842,regime_switch
2023-06-28 16:00:00+00:00,2023-06-29 08:00:00+00:00,SOLUSDT,short,15.893,17.34862874762767,142.09495000983694,-208.7268811570913,stop
2023-07-01 16:00:00+00:00,2023-07-18 16:00:00+00:00,BTCUSDT,long,30600.5,29443.505544671832,0.17516329103445072,-206.86995875113183,stop
2023-07-20 08:00:00+00:00,2023-07-24 08:00:00+00:00,BTCUSDT,long,30274.0,29437.631721212238,0.2373661966432003,-204.19496649568043,stop
2023-08-17 20:00:00+00:00,2023-08-29 16:00:00+00:00,BTCUSDT,short,26609.7,28000.829641145454,0.1397724929783356,-197.49487794728145,stop
2023-08-31 16:00:00+00:00,2023-09-07 00:00:00+00:00,BTCUSDT,short,26148.7,25824.7,0.17337475381590567,52.5690700643632,regime_switch
2023-09-07 00:00:00+00:00,2023-09-07 20:00:00+00:00,SOLUSDT,short,19.75,19.9,158.3239028667433,-26.25960252947782,regime_switch
2023-09-08 08:00:00+00:00,2023-09-08 20:00:00+00:00,ETHUSDT,short,1625.23,1635.78,3.885737257747228,-46.06309929118759,regime_switch
2023-09-08 20:00:00+00:00,2023-09-10 08:00:00+00:00,BTCUSDT,short,25899.8,25782.9,0.2692950065006635,25.91342904693824,regime_switch
2023-09-10 08:00:00+00:00,2023-09-11 12:00:00+00:00,SOLUSDT,short,18.318,17.827,182.26706598345513,86.85791215788761,regime_switch
2023-09-11 12:00:00+00:00,2023-09-12 00:00:00+00:00,BTCUSDT,short,25102.5,25813.451977712324,0.2705557065161081,-197.86235517309026,stop
2023-09-12 00:00:00+00:00,2023-09-14 12:00:00+00:00,BTCUSDT,short,25788.2,26648.98771684912,0.21886333161808233,-192.98549856727735,stop
2023-09-21 12:00:00+00:00,2023-09-24 08:00:00+00:00,BTCUSDT,short,26567.7,26587.6,0.19874301156611893,-8.180683691245541,regime_switch
2023-09-24 08:00:00+00:00,2023-09-24 20:00:00+00:00,ETHUSDT,short,1593.31,1579.99,5.94478020011249,71.6386438618912,regime_switch
2023-09-24 20:00:00+00:00,2023-09-27 08:00:00+00:00,BTCUSDT,short,26232.4,26781.44145570719,0.33841582420814437,-192.98060589785698,stop
2023-09-27 12:00:00+00:00,2023-09-28 12:00:00+00:00,BTCUSDT,short,26293.4,27049.22931983579,0.24072194590064283,-187.08100125136164,stop
2023-10-02 00:00:00+00:00,2023-10-02 20:00:00+00:00,BTCUSDT,long,28114.8,27255.283601278923,0.20732947606323973,-182.79502478365578,stop
2023-10-02 20:00:00+00:00,2023-10-06 00:00:00+00:00,BTCUSDT,long,27477.6,27544.8,0.1586130435754641,7.167888396740656,regime_switch
2023-10-06 00:00:00+00:00,2023-10-16 00:00:00+00:00,ETHUSDT,short,1623.59,1562.25,2.8992189252846976,174.14350982859153,regime_switch
2023-10-16 00:00:00+00:00,2023-10-16 08:00:00+00:00,BTCUSDT,long,27221.4,27737.0,0.3222938074574048,159.08958632993063,regime_switch
2023-10-17 12:00:00+00:00,2023-10-19 12:00:00+00:00,ETHUSDT,short,1574.67,1560.34,3.2507242933379037,42.50645785678976,regime_switch
2023-10-19 12:00:00+00:00,2023-10-20 08:00:00+00:00,BTCUSDT,long,28659.5,29829.9,0.17494116649620206,200.65825972168994,regime_switch
2023-10-23 16:00:00+00:00,2023-12-24 00:00:00+00:00,BTCUSDT,long,31339.9,43867.8,0.13261236159527554,1657.3650165465929,regime_switch
2023-12-24 00:00:00+00:00,2023-12-24 08:00:00+00:00,SOLUSDT,long,116.333,110.453,14.91720161605392,-89.06635049667635,regime_switch
2023-12-24 08:00:00+00:00,2023-12-24 12:00:00+00:00,BTCUSDT,long,43666.6,43707.0,0.15359843663314204,0.8371974947753626,regime_switch
2023-12-24 12:00:00+00:00,2023-12-26 12:00:00+00:00,SOLUSDT,long,113.625,110.708,13.745002528061624,-41.32755543520684,regime_switch
2023-12-26 20:00:00+00:00,2023-12-27 00:00:00+00:00,SOLUSDT,long,112.543,108.679,11.40481046212159,-45.077385617658464,regime_switch
2023-12-27 04:00:00+00:00,2023-12-27 12:00:00+00:00,SOLUSDT,long,111.515,107.99,11.706047074958246,-42.29163028450337,regime_switch
2023-12-27 16:00:00+00:00,2023-12-29 20:00:00+00:00,BTCUSDT,long,43183.9,41622.61715710556,0.13772474666224818,-219.69926644205952,stop
2024-01-01 08:00:00+00:00,2024-01-03 12:00:00+00:00,BTCUSDT,long,42727.6,41248.87792554482,0.1424427905118789,-215.41803621813992,stop
2024-01-04 12:00:00+00:00,2024-01-10 20:00:00+00:00,BTCUSDT,long,44050.4,46662.9,0.0771037101660708,198.63571001229684,regime_switch
2024-01-10 20:00:00+00:00,2024-01-12 20:00:00+00:00,ETHUSDT,long,2585.82,2523.3,0.997910049228182,-64.428713154031,regime_switch
2024-01-13 20:00:00+00:00,2024-01-14 00:00:00+00:00,ETHUSDT,long,2578.5,2551.84,1.1217993185717765,-32.20925459954001,regime_switch
2024-02-02 04:00:00+00:00,2024-02-08 00:00:00+00:00,BTCUSDT,long,43076.0,44523.6,0.11660424025520601,164.7105042715721,regime_switch
2024-02-08 04:00:00+00:00,2024-02-12 16:00:00+00:00,BTCUSDT,long,44500.8,49545.9,0.15352430816154441,768.770105284857,regime_switch
2024-02-12 16:00:00+00:00,2024-02-23 12:00:00+00:00,ETHUSDT,long,2610.91,2916.8,1.9936124423693007,605.4180654228223,regime_switch
2024-02-24 08:00:00+00:00,2024-02-25 00:00:00+00:00,BTCUSDT,long,51151.9,51654.2,0.13570689332829777,62.58497394032405,regime_switch
2024-02-25 00:00:00+00:00,2024-03-03 16:00:00+00:00,ETHUSDT,long,3027.29,3468.03,1.644512898521917,720.5299598865391,regime_switch
2024-03-03 16:00:00+00:00,2024-03-05 00:00:00+00:00,BTCUSDT,long,62797.1,68203.8,0.08677621703003648,464.62586760448653,regime_switch
2024-03-05 00:00:00+00:00,2024-03-05 16:00:00+00:00,ETHUSDT,long,3695.86,3484.0015904919383,1.2465763475670972,-267.67778058093927,stop
2024-03-05 20:00:00+00:00,2024-03-07 00:00:00+00:00,ETHUSDT,long,3555.43,3779.03,0.7002412344636535,154.51958349626346,regime_switch
2024-03-07 00:00:00+00:00,2024-03-08 20:00:00+00:00,BTCUSDT,long,65914.9,68180.2,0.043986805598741345,97.28394468465139,regime_switch
2024-03-08 20:00:00+00:00,2024-03-11 04:00:00+00:00,SOLUSDT,long,144.879,148.237,12.920995597797743,41.87376299914724,regime_switch
2024-03-11 04:00:00+00:00,2024-03-14 08:00:00+00:00,BTCUSDT,long,71223.8,72939.4,0.06591284129977062,109.27918808473906,regime_switch
2024-03-14 08:00:00+00:00,2024-03-15 00:00:00+00:00,SOLUSDT,long,173.313,176.212,15.860235697477432,43.761403734122766,regime_switch
2024-03-24 20:00:00+00:00,2024-03-27 16:00:00+00:00,SOLUSDT,long,184.019,182.837,13.953565734827142,-18.54069442305221,regime_switch
2024-03-27 20:00:00+00:00,2024-03-31 00:00:00+00:00,BTCUSDT,long,69532.6,69980.8,0.06422103935639699,25.199991618679043,regime_switch
2024-03-31 00:00:00+00:00,2024-04-02 08:00:00+00:00,SOLUSDT,long,194.457,179.58672705443962,18.009869173125264,-270.50626175391784,stop
2024-04-03 04:00:00+00:00,2024-04-05 08:00:00+00:00,SOLUSDT,long,189.65,170.8198157803422,13.935155494081325,-264.4108262566567,stop
2024-04-08 08:00:00+00:00,2024-04-09 12:00:00+00:00,SOLUSDT,long,182.891,169.32531496406037,18.95321377997672,-259.78358100371867,stop
2024-05-17 12:00:00+00:00,2024-05-22 00:00:00+00:00,SOLUSDT,long,169.585,178.011,19.550997102032827,162.0183622262571,regime_switch
2024-05-22 00:00:00+00:00,2024-05-23 20:00:00+00:00,ETHUSDT,long,3795.98,3524.7254916842057,0.9406591092871013,-257.91253950530995,stop
2024-05-23 20:00:00+00:00,2024-05-26 08:00:00+00:00,ETHUSDT,long,3784.8,3815.36,0.6813338288557692,18.750263364745685,regime_switch
2024-05-26 08:00:00+00:00,2024-05-27 08:00:00+00:00,BTCUSDT,long,69160.3,68462.9,0.10348012580358544,-77.86354615521819,regime_switch
2024-05-27 08:00:00+00:00,2024-05-28 16:00:00+00:00,ETHUSDT,long,3902.78,3844.02,1.0980726025962655,-67.9253656636739,regime_switch
2024-05-28 16:00:00+00:00,2024-06-05 12:00:00+00:00,BTCUSDT,long,68466.5,71625.1,0.08186410852508545,253.98858360899422,regime_switch
2024-06-05 12:00:00+00:00,2024-06-07 16:00:00+00:00,SOLUSDT,long,174.918,166.47491564446693,29.9107247376888,-256.62329590633186,stop
2024-07-04 04:00:00+00:00,2024-07-14 20:00:00+00:00,BTCUSDT,short,58214.0,61113.0858008467,0.08533942186362789,-251.47962798327606,stop
2024-07-18 08:00:00+00:00,2024-07-30 04:00:00+00:00,SOLUSDT,long,159.392,182.298,22.968589010902665,522.9792450120825,regime_switch
2024-08-04 12:00:00+00:00,2024-08-23 16:00:00+00:00,BTCUSDT,short,59070.0,62772.1961711449,0.06829359840207948,-256.1647153233817,stop
2024-08-25 00:00:00+00:00,2024-08-26 20:00:00+00:00,BTCUSDT,long,64065.0,62807.6,0.09262727381074704,-121.17027931334601,regime_switch
2024-08-26 20:00:00+00:00,2024-08-27 12:00:00+00:00,SOLUSDT,long,157.052,153.698,24.842083758088997,-86.40821993576058,regime_switch
2024-08-27 12:00:00+00:00,2024-08-27 16:00:00+00:00,ETHUSDT,short,2577.64,2582.85,1.8659405307654526,-13.573217145131999,regime_switch
2024-08-27 16:00:00+00:00,2024-08-27 20:00:00+00:00,SOLUSDT,long,154.869,146.727,25.464074355939278,-210.40043859383906,regime_switch
2024-08-27 20:00:00+00:00,2024-08-29 08:00:00+00:00,ETHUSDT,short,2455.98,2553.72,1.4842713674375623,-148.0469851611278,regime_switch
2024-08-29 16:00:00+00:00,2024-09-16 08:00:00+00:00,BTCUSDT,short,59237.0,58630.0,0.06834748900059988,38.264560428950645,regime_switch
2024-09-16 08:00:00+00:00,2024-09-16 12:00:00+00:00,ETHUSDT,short,2306.66,2286.71,2.054551232152766,37.21337148415389,regime_switch
2024-09-16 12:00:00+00:00,2024-09-17 12:00:00+00:00,BTCUSDT,short,57860.7,60088.92517528185,0.10664567597690729,-242.66210704991255,stop
2024-09-18 20:00:00+00:00,2024-09-19 12:00:00+00:00,BTCUSDT,long,61735.3,63129.0,0.07186733988581058,96.57204556377246,regime_switch
2024-09-21 20:00:00+00:00,2024-09-22 12:00:00+00:00,SOLUSDT,long,149.372,143.06,27.03490339886038,-173.80665860190126,regime_switch
2024-09-22 20:00:00+00:00,2024-09-23 00:00:00+00:00,SOLUSDT,long,144.587,147.669,25.407184164301004,75.33478078832748,regime_switch
2024-09-23 00:00:00+00:00,2024-09-23 16:00:00+00:00,BTCUSDT,long,64320.1,63272.6,0.09184570866190603,-100.89591660398095,regime_switch
2024-09-25 16:00:00+00:00,2024-09-25 20:00:00+00:00,BTCUSDT,long,63151.6,63118.4,0.09901436841410906,-8.288294751207953,regime_switch
2024-09-27 00:00:00+00:00,2024-10-01 08:00:00+00:00,SOLUSDT,long,155.639,156.455,23.216947378156334,16.046681070560297,regime_switch
2024-10-03 12:00:00+00:00,2024-10-07 00:00:00+00:00,ETHUSDT,short,2339.54,2494.249675159048,1.492321604435267,-233.7620181604238,stop
2024-10-07 16:00:00+00:00,2024-10-09 12:00:00+00:00,ETHUSDT,short,2444.4,2460.34,1.9531047303029638,-34.96427775899181,regime_switch
2024-10-10 08:00:00+00:00,2024-10-11 20:00:00+00:00,ETHUSDT,short,2405.43,2438.46,1.9278599442556665,-67.41255056091728,regime_switch
2024-10-11 20:00:00+00:00,2024-10-14 08:00:00+00:00,BTCUSDT,long,62509.0,64899.4,0.0878133744478386,205.4338256653135,regime_switch
2024-10-14 08:00:00+00:00,2024-10-17 08:00:00+00:00,SOLUSDT,long,153.08,151.26,30.78966788241143,-59.78540655532271,regime_switch
2024-10-21 04:00:00+00:00,2024-10-25 20:00:00+00:00,SOLUSDT,long,168.72,159.8180128541257,25.507426419149407,-230.41884578311064,stop
2024-10-26 00:00:00+00:00,2024-10-26 16:00:00+00:00,SOLUSDT,long,165.59,171.44,16.565093258930183,94.67262221231859,regime_switch
2024-10-26 16:00:00+00:00,2024-10-27 16:00:00+00:00,BTCUSDT,long,67154.5,67816.8,0.09371701200244516,57.009134272385445,regime_switch
2024-10-27 16:00:00+00:00,2024-10-29 00:00:00+00:00,ETHUSDT,short,2493.89,2607.57,2.073214129472788,-239.91354981964326,regime_switch
2024-10-29 00:00:00+00:00,2024-10-29 08:00:00+00:00,BTCUSDT,long,70927.5,71440.1,0.08824511527609398,40.209147981093956,regime_switch
2024-10-31 12:00:00+00:00,2024-11-01 04:00:00+00:00,BTCUSDT,long,70638.7,69301.0,0.0840656103615403,-117.16021349835654,regime_switch
2024-11-02 04:00:00+00:00,2024-11-03 00:00:00+00:00,BTCUSDT,long,69813.1,68367.5,0.07491761562721302,-112.44176958187465,regime_switch
2024-11-03 00:00:00+00:00,2024-11-04 16:00:00+00:00,ETHUSDT,short,2448.96,2430.06,1.754455025452755,29.735191517743427,regime_switch
2024-11-04 20:00:00+00:00,2024-11-06 00:00:00+00:00,ETHUSDT,short,2397.37,2579.04,1.707821592602184,-313.6594769086955,regime_switch
2024-11-06 00:00:00+00:00,2024-11-11 08:00:00+00:00,SOLUSDT,long,184.91,217.82,14.017009507421047,459.0417547936571,regime_switch
2024-11-11 08:00:00+00:00,2024-11-18 04:00:00+00:00,BTCUSDT,long,82168.7,91795.9,0.05541304141667276,529.6164692926578,regime_switch
2024-11-18 04:00:00+00:00,2024-11-20 20:00:00+00:00,SOLUSDT,long,242.22,235.47,10.386047470160893,-72.09034482999449,regime_switch
2024-11-20 20:00:00+00:00,2024-11-28 08:00:00+00:00,BTCUSDT,long,94288.0,95509.9,0.04984586257001839,57.12240345851394,regime_switch
2024-11-28 20:00:00+00:00,2024-11-29 16:00:00+00:00,ETHUSDT,long,3581.58,3584.92,0.9414604632542702,0.4456873833047088,regime_switch
2024-11-29 16:00:00+00:00,2024-12-01 04:00:00+00:00,BTCUSDT,long,97380.0,96525.4,0.05062291122093851,-47.18876226919858,regime_switch
2024-12-01 04:00:00+00:00,2024-12-01 20:00:00+00:00,ETHUSDT,long,3705.05,3711.24,1.1346018304480905,3.6573708468196786,regime_switch
2024-12-01 20:00:00+00:00,2024-12-02 00:00:00+00:00,BTCUSDT,long,97265.1,96549.8,0.07338498388952736,-58.181520301799274,regime_switch
2024-12-02 00:00:00+00:00,2024-12-05 08:00:00+00:00,ETHUSDT,long,3687.84,3934.35,1.1465164942058526,279.1321943638961,regime_switch
2024-12-05 08:00:00+00:00,2024-12-05 20:00:00+00:00,BTCUSDT,long,102668.2,97370.82631804027,0.044221636236078145,-237.79695319213914,stop
2024-12-06 00:00:00+00:00,2024-12-09 04:00:00+00:00,BTCUSDT,long,97802.7,99637.1,0.03098503808554413,54.39188197508154,regime_switch
2024-12-11 08:00:00+00:00,2024-12-11 12:00:00+00:00,BTCUSDT,long,98289.7,100352.7,0.043948918433362044,87.17457127402298,regime_switch
2024-12-11 12:00:00+00:00,2024-12-13 08:00:00+00:00,ETHUSDT,long,3786.75,3900.4,0.7958591723175966,88.00223939930244,regime_switch
2024-12-15 20:00:00+00:00,2024-12-18 20:00:00+00:00,BTCUSDT,long,104460.4,100444.01564844849,0.05828475222220534,-238.87108799744448,stop
2024-12-24 12:00:00+00:00,2024-12-30 00:00:00+00:00,BTCUSDT,long,98243.5,93681.1,0.03845079709552006,-178.379778209496,ema_inverse
2025-01-04 04:00:00+00:00,2025-01-08 08:00:00+00:00,BTCUSDT,long,98244.2,95015.42590774529,0.0699178520964714,-231.15386861135835,stop
2025-01-16 04:00:00+00:00,2025-01-22 00:00:00+00:00,BTCUSDT,long,99756.5,105588.2,0.04978697246060685,286.25329092898824,regime_switch
2025-01-22 00:00:00+00:00,2025-01-26 16:00:00+00:00,SOLUSDT,long,253.97,256.17,5.381403369630455,10.74097976719378,regime_switch
2025-01-26 16:00:00+00:00,2025-01-27 00:00:00+00:00,BTCUSDT,long,105050.1,101349.2,0.058079416058992105,-219.7411312203183,regime_switch
2025-01-29 16:00:00+00:00,2025-02-02 04:00:00+00:00,BTCUSDT,long,103550.5,99586.2,0.04533172161751382,-183.39195854219037,regime_switch
2025-02-03 16:00:00+00:00,2025-02-05 16:00:00+00:00,BTCUSDT,long,101831.9,97327.1,0.032045095549684044,-146.90957410604813,ema_inverse
2025-02-25 00:00:00+00:00,2025-02-28 00:00:00+00:00,ETHUSDT,short,2493.83,2146.41,1.0247085335240793,354.10228130669583,regime_switch
2025-02-28 00:00:00+00:00,2025-02-28 12:00:00+00:00,BTCUSDT,short,80429.2,83948.1,0.033855971921011155,-121.3618408941471,regime_switch
2025-02-28 12:00:00+00:00,2025-03-02 16:00:00+00:00,ETHUSDT,short,2221.64,2484.6195159084677,0.8393038227531875,-222.299705648788,stop
2025-03-03 04:00:00+00:00,2025-03-09 04:00:00+00:00,ETHUSDT,short,2385.85,2184.07,0.8169197521111242,163.34476441555535,regime_switch
2025-03-09 08:00:00+00:00,2025-03-09 16:00:00+00:00,BTCUSDT,short,84990.1,82604.9,0.04091504356682898,94.84769922496788,regime_switch
2025-03-09 16:00:00+00:00,2025-03-09 20:00:00+00:00,ETHUSDT,short,2039.34,2019.2,1.1565952018288304,21.41619220866034,regime_switch
2025-03-09 20:00:00+00:00,2025-03-10 00:00:00+00:00,BTCUSDT,short,80688.8,82000.1,0.038139090614628265,-52.49371220259983,regime_switch
2025-03-10 00:00:00+00:00,2025-03-10 12:00:00+00:00,ETHUSDT,short,2056.82,2016.99,1.1316722878935777,43.230420073543876,regime_switch
2025-03-10 12:00:00+00:00,2025-03-11 16:00:00+00:00,BTCUSDT,short,80009.7,83060.1,0.03409774232229892,-106.23587798832044,regime_switch
2025-03-11 16:00:00+00:00,2025-03-12 12:00:00+00:00,ETHUSDT,short,1950.66,1868.55,0.8906347262492763,71.7694089511928,regime_switch
2025-03-12 12:00:00+00:00,2025-03-12 16:00:00+00:00,BTCUSDT,short,81688.1,82877.3,0.034567767769553163,-43.38345284359397,regime_switch
2025-03-12 16:00:00+00:00,2025-03-13 12:00:00+00:00,ETHUSDT,short,1877.19,1874.72,0.9515032492027234,0.9222312032442765,regime_switch
2025-03-13 12:00:00+00:00,2025-03-14 04:00:00+00:00,BTCUSDT,short,81016.0,82124.5,0.03830074757550138,-44.95573993137971,regime_switch
2025-03-14 04:00:00+00:00,2025-03-17 04:00:00+00:00,ETHUSDT,short,1892.33,1900.13,1.2265407231806214,-11.427660293222502,regime_switch
2025-03-17 04:00:00+00:00,2025-03-19 20:00:00+00:00,BTCUSDT,short,83525.2,86809.8,0.05622723744254251,-188.51497069968565,regime_switch
2025-03-21 04:00:00+00:00,2025-03-24 08:00:00+00:00,BTCUSDT,short,83889.6,87608.09089353698,0.05788480087749096,-219.21494881248,stop
2025-03-26 16:00:00+00:00,2025-03-31 00:00:00+00:00,ETHUSDT,short,1998.9,1797.72,2.0846380196610594,416.22164543612985,regime_switch
2025-03-31 00:00:00+00:00,2025-03-31 08:00:00+00:00,BTCUSDT,short,81491.5,82171.5,0.0769339957834398,-57.35161655350111,regime_switch
2025-03-31 08:00:00+00:00,2025-04-01 12:00:00+00:00,ETHUSDT,short,1812.52,1925.5854259170678,1.928416266688651,-220.92065586252846,stop
2025-04-02 00:00:00+00:00,2025-04-06 20:00:00+00:00,ETHUSDT,short,1875.41,1579.98,1.8779726100001326,552.213797061592,regime_switch
2025-04-06 20:00:00+00:00,2025-04-09 16:00:00+00:00,BTCUSDT,short,78390.0,82291.4,0.05338256399731739,-211.69776922660517,regime_switch
2025-04-09 16:00:00+00:00,2025-04-10 00:00:00+00:00,ETHUSDT,short,1639.73,1616.39,1.0034623156453677,22.11385296107512,regime_switch
2025-04-10 12:00:00+00:00,2025-04-11 00:00:00+00:00,BTCUSDT,short,78731.7,80796.9,0.03473047759585783,-73.94158411824492,regime_switch
2025-04-11 00:00:00+00:00,2025-04-13 00:00:00+00:00,ETHUSDT,short,1543.63,1623.6,1.111339708110436,-90.28178384307878,regime_switch
2025-04-21 00:00:00+00:00,2025-05-16 20:00:00+00:00,BTCUSDT,long,87166.6,103412.2,0.09073698308916649,1467.1597143322608,regime_switch
2025-05-18 04:00:00+00:00,2025-05-19 00:00:00+00:00,SOLUSDT,long,170.6,165.23,20.562408023626936,-113.1823204815066,regime_switch
2025-05-19 00:00:00+00:00,2025-05-29 08:00:00+00:00,BTCUSDT,long,103569.4,108740.0,0.059718833076424914,303.71065045730063,regime_switch
2025-05-29 08:00:00+00:00,2025-05-29 16:00:00+00:00,ETHUSDT,long,2714.84,2649.35,1.4631771770143502,-98.96297747513758,regime_switch
2025-06-03 12:00:00+00:00,2025-06-04 12:00:00+00:00,BTCUSDT,long,106556.1,105254.7,0.07693572537431145,-106.6424800181749,regime_switch
2025-06-04 12:00:00+00:00,2025-06-05 16:00:00+00:00,ETHUSDT,long,2666.91,2528.08,1.6868630740091575,-237.69249528502993,regime_switch
2025-06-06 12:00:00+00:00,2025-06-21 20:00:00+00:00,BTCUSDT,long,105035.4,101369.19355662748,0.0659741149999436,-247.32166966532128,stop
2025-06-22 08:00:00+00:00,2025-06-23 20:00:00+00:00,ETHUSDT,short,2272.0,2439.8115060016594,1.4118715561312192,-239.5892811725565,stop
2025-06-23 20:00:00+00:00,2025-06-25 16:00:00+00:00,ETHUSDT,short,2410.39,2431.8,1.0640909666184404,-24.843199850361195,regime_switch
2025-06-25 16:00:00+00:00,2025-07-08 16:00:00+00:00,BTCUSDT,long,107698.2,108723.6,0.05974064988509867,56.086390799659554,regime_switch
2025-07-08 16:00:00+00:00,2025-07-10 04:00:00+00:00,ETHUSDT,long,2609.23,2789.54,1.9986653573663342,356.06321675816815,regime_switch
2025-07-10 04:00:00+00:00,2025-07-19 08:00:00+00:00,BTCUSDT,long,111186.1,118300.0,0.08625792005028632,605.7122199791505,regime_switch
2025-07-19 08:00:00+00:00,2025-07-22 12:00:00+00:00,ETHUSDT,long,3551.9,3717.74,0.9894470538503205,161.21272985831587,regime_switch
2025-07-22 12:00:00+00:00,2025-07-23 20:00:00+00:00,SOLUSDT,long,201.86,185.51399363918776,15.613669052191138,-257.64046537717695,stop
2025-07-23 20:00:00+00:00,2025-07-26 16:00:00+00:00,SOLUSDT,long,189.4,186.38,14.410856637908623,-45.686911729441505,regime_switch
2025-07-26 16:00:00+00:00,2025-07-27 20:00:00+00:00,BTCUSDT,long,118209.0,119423.4,0.0715570055361781,80.09712233818414,regime_switch
2025-07-27 20:00:00+00:00,2025-07-29 00:00:00+00:00,ETHUSDT,long,3871.47,3790.46,1.1526683211485806,-96.91032629218942,regime_switch
2025-07-29 00:00:00+00:00,2025-07-30 12:00:00+00:00,BTCUSDT,long,118745.6,117950.0,0.08465964036263655,-75.37063562108153,regime_switch
2025-08-06 04:00:00+00:00,2025-08-06 16:00:00+00:00,ETHUSDT,long,3638.4,3682.13,1.0983355821551914,44.81405557595272,regime_switch
2025-08-06 16:00:00+00:00,2025-08-07 12:00:00+00:00,BTCUSDT,long,115215.1,116634.6,0.07767530137656757,103.05649217541095,regime_switch
2025-08-07 12:00:00+00:00,2025-08-07 20:00:00+00:00,ETHUSDT,long,3835.15,3908.4,1.13243985999047,79.44357787317024,regime_switch
2025-08-07 20:00:00+00:00,2025-08-19 12:00:00+00:00,BTCUSDT,long,117419.9,114213.36173692589,0.07854488896076198,-259.13463535068877,stop
2025-08-22 16:00:00+00:00,2025-08-25 16:00:00+00:00,ETHUSDT,long,4832.06,4457.883551251737,0.6592464596309565,-249.1242440731103,stop
2025-08-26 12:00:00+00:00,2025-08-27 00:00:00+00:00,ETHUSDT,long,4516.17,4601.07,0.696580427046153,56.59932188314522,regime_switch
2025-08-27 00:00:00+00:00,2025-08-30 20:00:00+00:00,SOLUSDT,long,201.91,202.59,13.853142424988498,7.1786984046291344,regime_switch
2025-09-09 00:00:00+00:00,2025-09-13 00:00:00+00:00,SOLUSDT,long,214.52,243.49,22.712472037666302,653.8192992040041,regime_switch
2025-09-13 00:00:00+00:00,2025-09-18 00:00:00+00:00,BTCUSDT,long,115913.6,117531.2,0.09344160415026843,142.42575623645797,regime_switch
2025-09-18 00:00:00+00:00,2025-09-20 00:00:00+00:00,SOLUSDT,long,246.62,237.96,17.67786288240425,-156.51682807984292,regime_switch
2025-10-02 00:00:00+00:00,2025-10-10 04:00:00+00:00,BTCUSDT,long,118697.0,120886.1,0.07886043847541627,165.07593453961442,regime_switch
2025-10-17 04:00:00+00:00,2025-10-20 08:00:00+00:00,BTCUSDT,short,105578.3,111401.24251261423,0.044490162373347394,-262.9250399081069,stop
2025-10-21 04:00:00+00:00,2025-10-21 12:00:00+00:00,BTCUSDT,short,108020.0,112298.1255602598,0.059326252468218744,-259.0334165748375,stop
2025-10-22 08:00:00+00:00,2025-10-26 08:00:00+00:00,BTCUSDT,short,107501.7,112944.88198980744,0.04567631382025696,-252.65216365104342,stop
2025-10-30 12:00:00+00:00,2026-01-05 00:00:00+00:00,BTCUSDT,short,107670.6,92835.2,0.04907057120696868,724.0459784293395,regime_switch
2026-01-23 12:00:00+00:00,2026-02-13 08:00:00+00:00,BTCUSDT,short,89711.2,67137.8,0.07940463114846265,1787.4506859703042,regime_switch
2026-02-13 08:00:00+00:00,2026-02-14 08:00:00+00:00,SOLUSDT,short,80.26,87.22,41.999803301011035,-295.13228179777786,regime_switch
2026-02-15 12:00:00+00:00,2026-02-16 04:00:00+00:00,BTCUSDT,short,69068.1,68552.4,0.08220529471100775,37.86801697815716,regime_switch
2026-02-16 04:00:00+00:00,2026-02-17 00:00:00+00:00,SOLUSDT,short,85.01,86.31,45.7813165575107,-62.65301358581687,regime_switch
2026-02-17 00:00:00+00:00,2026-02-18 20:00:00+00:00,BTCUSDT,short,68443.6,66422.8,0.08361341280854794,164.4553286126328,regime_switch
2026-02-18 20:00:00+00:00,2026-02-20 16:00:00+00:00,SOLUSDT,short,81.55,84.72,47.288426147587955,-153.0493695340777,regime_switch
2026-02-20 16:00:00+00:00,2026-02-21 20:00:00+00:00,ETHUSDT,short,1962.88,1972.54,2.4155302782760013,-27.136472955238997,regime_switch
2026-02-21 20:00:00+00:00,2026-02-22 16:00:00+00:00,BTCUSDT,short,67933.1,67402.2,0.10949802146492754,52.20492056198603,regime_switch
2026-02-22 16:00:00+00:00,2026-02-23 16:00:00+00:00,ETHUSDT,short,1942.81,1856.15,3.4048889094167127,289.89365818152476,regime_switch
2026-02-23 16:00:00+00:00,2026-02-25 12:00:00+00:00,BTCUSDT,short,64273.9,67333.93249065343,0.0960546645792805,-298.98701297377386,stop
2026-02-27 08:00:00+00:00,2026-03-01 08:00:00+00:00,BTCUSDT,short,66094.1,66439.0,0.07590567914787345,-30.203874724130323,regime_switch
2026-03-01 16:00:00+00:00,2026-03-01 20:00:00+00:00,ETHUSDT,short,1952.97,1938.57,1.7383499184746536,22.32629552933883,regime_switch
2026-03-01 20:00:00+00:00,2026-03-02 16:00:00+00:00,BTCUSDT,short,65750.0,69888.46576036293,0.06954101333988216,-291.5660771907812,stop
2026-03-06 12:00:00+00:00,2026-03-13 12:00:00+00:00,BTCUSDT,short,68468.4,72944.05511843356,0.06299899649169395,-285.52531820978373,stop
2026-03-21 20:00:00+00:00,2026-03-22 04:00:00+00:00,SOLUSDT,short,87.5,87.65,57.584799050613306,-12.672110879078291,regime_switch
2026-03-22 04:00:00+00:00,2026-03-25 08:00:00+00:00,BTCUSDT,short,68884.5,71825.38445723048,0.09384858077095853,-281.28000170515395,stop
2026-03-26 04:00:00+00:00,2026-03-26 20:00:00+00:00,BTCUSDT,short,70053.8,68788.0,0.0806563892373226,97.61546619131899,regime_switch
2026-03-26 20:00:00+00:00,2026-03-27 08:00:00+00:00,SOLUSDT,short,86.47,83.3,48.63637267682386,150.874502589794,regime_switch
2026-03-27 08:00:00+00:00,2026-04-01 08:00:00+00:00,BTCUSDT,short,66663.2,68669.9,0.07955017004708248,-163.93963468067972,regime_switch
2026-04-01 08:00:00+00:00,2026-04-03 12:00:00+00:00,SOLUSDT,short,83.31,80.3,52.70264202146279,155.18588078015065,regime_switch
2026-04-03 12:00:00+00:00,2026-04-04 12:00:00+00:00,BTCUSDT,short,66806.1,67357.3,0.09632952536700398,-58.266393039741715,regime_switch
2026-04-04 12:00:00+00:00,2026-04-06 04:00:00+00:00,SOLUSDT,short,81.05,81.77,64.35354868998625,-50.525772975871455,regime_switch
2026-04-12 00:00:00+00:00,2026-04-13 04:00:00+00:00,SOLUSDT,short,82.27,82.12,59.119626841564006,4.9804738436402145,regime_switch
2026-04-15 04:00:00+00:00,2026-04-16 16:00:00+00:00,SOLUSDT,short,82.88,87.15370133975325,63.90028250272802,-277.43680356275837,stop
2026-04-30 04:00:00+00:00,2026-05-01 00:00:00+00:00,SOLUSDT,short,83.32,83.85,75.52093191784734,-45.07602759194179,regime_switch
2026-05-06 08:00:00+00:00,2026-05-07 12:00:00+00:00,BTCUSDT,long,82485.4,79715.17601536478,0.09625231309754098,-272.8853385703194,stop
2026-05-10 20:00:00+00:00,2026-05-12 16:00:00+00:00,BTCUSDT,long,82177.7,80009.64714388421,0.12046881551400315,-268.9981665887329,stop
