time,equity
2025-11-04 16:00:00+00:00,10000.0
2025-11-04 18:00:00+00:00,10000.0
2025-11-04 20:00:00+00:00,10000.0
2025-11-04 22:00:00+00:00,10000.0
2025-11-05 00:00:00+00:00,10000.0
2025-11-05 02:00:00+00:00,10000.0
2025-11-05 04:00:00+00:00,10000.0
2025-11-05 06:00:00+00:00,10000.0
2025-11-05 08:00:00+00:00,10000.0
2025-11-05 10:00:00+00:00,10000.0
2025-11-05 12:00:00+00:00,10000.0
2025-11-05 14:00:00+00:00,10000.0
2025-11-05 16:00:00+00:00,10000.0
2025-11-05 18:00:00+00:00,10000.0
2025-11-05 20:00:00+00:00,10000.0
2025-11-05 22:00:00+00:00,10000.0
2025-11-06 00:00:00+00:00,10000.0
2025-11-06 02:00:00+00:00,10000.0
2025-11-06 04:00:00+00:00,10000.0
2025-11-06 06:00:00+00:00,10000.0
2025-11-06 08:00:00+00:00,10000.0
2025-11-06 10:00:00+00:00,10000.0
2025-11-06 12:00:00+00:00,10000.0
2025-11-06 14:00:00+00:00,10000.0
2025-11-06 16:00:00+00:00,10000.0
2025-11-06 18:00:00+00:00,9998.429090992944
2025-11-06 20:00:00+00:00,10012.223406128804
2025-11-06 22:00:00+00:00,10000.547319159874
2025-11-07 00:00:00+00:00,9990.782803951344
2025-11-07 02:00:00+00:00,9971.822078652242
2025-11-07 04:00:00+00:00,9937.787907699625
2025-11-07 06:00:00+00:00,9937.787907699625
2025-11-07 08:00:00+00:00,9937.787907699625
2025-11-07 10:00:00+00:00,9935.951928041384
2025-11-07 12:00:00+00:00,9942.65958393633
2025-11-07 14:00:00+00:00,9915.330043802374
2025-11-07 16:00:00+00:00,9819.396212102614
2025-11-07 18:00:00+00:00,9819.396212102614
2025-11-07 20:00:00+00:00,9819.396212102614
2025-11-07 22:00:00+00:00,9819.396212102614
2025-11-08 00:00:00+00:00,9819.396212102614
2025-11-08 02:00:00+00:00,9819.396212102614
2025-11-08 04:00:00+00:00,9819.396212102614
2025-11-08 06:00:00+00:00,9819.396212102614
2025-11-08 08:00:00+00:00,9819.396212102614
2025-11-08 10:00:00+00:00,9819.396212102614
2025-11-08 12:00:00+00:00,9819.396212102614
2025-11-08 14:00:00+00:00,9817.365938932971
2025-11-08 16:00:00+00:00,9798.92875716634
2025-11-08 18:00:00+00:00,9799.594359396182
2025-11-08 20:00:00+00:00,9772.796220888076
2025-11-08 22:00:00+00:00,9772.796220888076
2025-11-09 00:00:00+00:00,9772.796220888076
2025-11-09 02:00:00+00:00,9770.49293520585
2025-11-09 04:00:00+00:00,9749.870903275489
2025-11-09 06:00:00+00:00,9748.777310673122
2025-11-09 08:00:00+00:00,9770.649162720472
2025-11-09 10:00:00+00:00,9717.387676263217
2025-11-09 12:00:00+00:00,9717.387676263217
2025-11-09 14:00:00+00:00,9717.387676263217
2025-11-09 16:00:00+00:00,9717.387676263217
2025-11-09 18:00:00+00:00,9717.387676263217
2025-11-09 20:00:00+00:00,9717.387676263217
2025-11-09 22:00:00+00:00,9717.387676263217
2025-11-10 00:00:00+00:00,9717.387676263217
2025-11-10 02:00:00+00:00,9717.387676263217
2025-11-10 04:00:00+00:00,9717.387676263217
2025-11-10 06:00:00+00:00,9717.387676263217
2025-11-10 08:00:00+00:00,9717.387676263217
2025-11-10 10:00:00+00:00,9717.387676263217
2025-11-10 12:00:00+00:00,9717.387676263217
2025-11-10 14:00:00+00:00,9717.387676263217
2025-11-10 16:00:00+00:00,9717.387676263217
2025-11-10 18:00:00+00:00,9717.387676263217
2025-11-10 20:00:00+00:00,9717.387676263217
2025-11-10 22:00:00+00:00,9717.387676263217
2025-11-11 00:00:00+00:00,9717.387676263217
2025-11-11 02:00:00+00:00,9717.387676263217
2025-11-11 04:00:00+00:00,9717.387676263217
2025-11-11 06:00:00+00:00,9717.387676263217
2025-11-11 08:00:00+00:00,9717.387676263217
2025-11-11 10:00:00+00:00,9717.387676263217
2025-11-11 12:00:00+00:00,9717.387676263217
2025-11-11 14:00:00+00:00,9717.387676263217
2025-11-11 16:00:00+00:00,9717.387676263217
2025-11-11 18:00:00+00:00,9717.387676263217
2025-11-11 20:00:00+00:00,9717.387676263217
2025-11-11 22:00:00+00:00,9717.387676263217
2025-11-12 00:00:00+00:00,9717.387676263217
2025-11-12 02:00:00+00:00,9717.387676263217
2025-11-12 04:00:00+00:00,9717.387676263217
2025-11-12 06:00:00+00:00,9717.387676263217
2025-11-12 08:00:00+00:00,9717.387676263217
2025-11-12 10:00:00+00:00,9715.282459950797
2025-11-12 12:00:00+00:00,9717.008165911224
2025-11-12 14:00:00+00:00,9508.916401819062
2025-11-12 16:00:00+00:00,9534.938898754115
2025-11-12 18:00:00+00:00,9563.080875077543
2025-11-12 20:00:00+00:00,9525.047994941697
2025-11-12 22:00:00+00:00,9541.061839209422
2025-11-13 00:00:00+00:00,9519.042803341299
2025-11-13 02:00:00+00:00,9513.508607160542
2025-11-13 04:00:00+00:00,9452.80907245457
2025-11-13 06:00:00+00:00,9427.366490207487
2025-11-13 08:00:00+00:00,9427.366490207487
2025-11-13 10:00:00+00:00,9427.366490207487
2025-11-13 12:00:00+00:00,9427.366490207487
2025-11-13 14:00:00+00:00,9425.710250007318
2025-11-13 16:00:00+00:00,9518.898482253757
2025-11-13 18:00:00+00:00,9566.257300905314
2025-11-13 20:00:00+00:00,9557.608251619284
2025-11-13 22:00:00+00:00,9510.93502833796
2025-11-14 00:00:00+00:00,9535.089080612363
2025-11-14 02:00:00+00:00,9542.841582106548
2025-11-14 04:00:00+00:00,9628.593741491217
2025-11-14 06:00:00+00:00,9647.210292698344
2025-11-14 08:00:00+00:00,9664.561129375807
2025-11-14 10:00:00+00:00,9700.739469682008
2025-11-14 12:00:00+00:00,9748.731145598396
2025-11-14 14:00:00+00:00,9665.721367694665
2025-11-14 16:00:00+00:00,9715.82256782716
2025-11-14 18:00:00+00:00,9718.934116045913
2025-11-14 20:00:00+00:00,9755.481623089932
2025-11-14 22:00:00+00:00,9779.952103996751
2025-11-15 00:00:00+00:00,9723.522331215941
2025-11-15 02:00:00+00:00,9680.543657613287
2025-11-15 04:00:00+00:00,9680.543657613287
2025-11-15 06:00:00+00:00,9680.543657613287
2025-11-15 08:00:00+00:00,9680.543657613287
2025-11-15 10:00:00+00:00,9680.543657613287
2025-11-15 12:00:00+00:00,9680.543657613287
2025-11-15 14:00:00+00:00,9680.543657613287
2025-11-15 16:00:00+00:00,9680.543657613287
2025-11-15 18:00:00+00:00,9680.543657613287
2025-11-15 20:00:00+00:00,9680.543657613287
2025-11-15 22:00:00+00:00,9680.543657613287
2025-11-16 00:00:00+00:00,9680.543657613287
2025-11-16 02:00:00+00:00,9680.543657613287
2025-11-16 04:00:00+00:00,9680.543657613287
2025-11-16 06:00:00+00:00,9680.543657613287
2025-11-16 08:00:00+00:00,9680.543657613287
2025-11-16 10:00:00+00:00,9680.543657613287
2025-11-16 12:00:00+00:00,9680.543657613287
2025-11-16 14:00:00+00:00,9680.543657613287
2025-11-16 16:00:00+00:00,9680.543657613287
2025-11-16 18:00:00+00:00,9678.718707486052
2025-11-16 20:00:00+00:00,9711.328074704174
2025-11-16 22:00:00+00:00,9663.351074659122
2025-11-17 00:00:00+00:00,9625.47328617031
2025-11-17 02:00:00+00:00,9625.47328617031
2025-11-17 04:00:00+00:00,9625.47328617031
2025-11-17 06:00:00+00:00,9625.47328617031
2025-11-17 08:00:00+00:00,9625.47328617031
2025-11-17 10:00:00+00:00,9625.47328617031
2025-11-17 12:00:00+00:00,9625.47328617031
2025-11-17 14:00:00+00:00,9625.47328617031
2025-11-17 16:00:00+00:00,9624.009799493411
2025-11-17 18:00:00+00:00,9678.013191938559
2025-11-17 20:00:00+00:00,9663.342357963684
2025-11-17 22:00:00+00:00,9650.301616652683
2025-11-18 00:00:00+00:00,9675.594344759904
2025-11-18 02:00:00+00:00,9723.918704698648
2025-11-18 04:00:00+00:00,9756.888643416378
2025-11-18 06:00:00+00:00,9742.638478516052
2025-11-18 08:00:00+00:00,9694.787371286175
2025-11-18 10:00:00+00:00,9688.898004242497
2025-11-18 12:00:00+00:00,9691.001349615239
2025-11-18 14:00:00+00:00,9610.600345836843
2025-11-18 16:00:00+00:00,9610.600345836843
2025-11-18 18:00:00+00:00,9610.600345836843
2025-11-18 20:00:00+00:00,9610.600345836843
2025-11-18 22:00:00+00:00,9610.600345836843
2025-11-19 00:00:00+00:00,9610.600345836843
2025-11-19 02:00:00+00:00,9610.600345836843
2025-11-19 04:00:00+00:00,9610.600345836843
2025-11-19 06:00:00+00:00,9610.600345836843
2025-11-19 08:00:00+00:00,9610.600345836843
2025-11-19 10:00:00+00:00,9610.600345836843
2025-11-19 12:00:00+00:00,9610.600345836843
2025-11-19 14:00:00+00:00,9609.160924031275
2025-11-19 16:00:00+00:00,9631.383908585476
2025-11-19 18:00:00+00:00,9663.226564694389
2025-11-19 20:00:00+00:00,9574.951931604093
2025-11-19 22:00:00+00:00,9520.930511559767
2025-11-20 00:00:00+00:00,9520.930511559767
2025-11-20 02:00:00+00:00,9520.930511559767
2025-11-20 04:00:00+00:00,9520.930511559767
2025-11-20 06:00:00+00:00,9520.930511559767
2025-11-20 08:00:00+00:00,9520.930511559767
2025-11-20 10:00:00+00:00,9520.930511559767
2025-11-20 12:00:00+00:00,9520.930511559767
2025-11-20 14:00:00+00:00,9520.930511559767
2025-11-20 16:00:00+00:00,9519.73532075071
2025-11-20 18:00:00+00:00,9534.209531244756
2025-11-20 20:00:00+00:00,9515.991203209664
2025-11-20 22:00:00+00:00,9547.268282668405
2025-11-21 00:00:00+00:00,9528.410715053134
2025-11-21 02:00:00+00:00,9585.759637389165
2025-11-21 04:00:00+00:00,9568.454508754327
2025-11-21 06:00:00+00:00,9666.897404101843
2025-11-21 08:00:00+00:00,9749.99854952507
2025-11-21 10:00:00+00:00,9745.20425267373
2025-11-21 12:00:00+00:00,9663.518566320898
2025-11-21 14:00:00+00:00,9718.584490156289
2025-11-21 16:00:00+00:00,9629.593208601416
2025-11-21 18:00:00+00:00,9659.820108749864
2025-11-21 20:00:00+00:00,9611.67883016268
2025-11-21 22:00:00+00:00,9611.67883016268
2025-11-22 00:00:00+00:00,9611.67883016268
2025-11-22 02:00:00+00:00,9611.67883016268
2025-11-22 04:00:00+00:00,9611.67883016268
2025-11-22 06:00:00+00:00,9611.67883016268
2025-11-22 08:00:00+00:00,9611.67883016268
2025-11-22 10:00:00+00:00,9611.67883016268
2025-11-22 12:00:00+00:00,9611.67883016268
2025-11-22 14:00:00+00:00,9611.67883016268
2025-11-22 16:00:00+00:00,9611.67883016268
2025-11-22 18:00:00+00:00,9611.67883016268
2025-11-22 20:00:00+00:00,9611.67883016268
2025-11-22 22:00:00+00:00,9611.67883016268
2025-11-23 00:00:00+00:00,9611.67883016268
2025-11-23 02:00:00+00:00,9611.67883016268
2025-11-23 04:00:00+00:00,9611.67883016268
2025-11-23 06:00:00+00:00,9611.67883016268
2025-11-23 08:00:00+00:00,9611.67883016268
2025-11-23 10:00:00+00:00,9611.67883016268
2025-11-23 12:00:00+00:00,9611.67883016268
2025-11-23 14:00:00+00:00,9611.67883016268
2025-11-23 16:00:00+00:00,9611.67883016268
2025-11-23 18:00:00+00:00,9611.67883016268
2025-11-23 20:00:00+00:00,9611.67883016268
2025-11-23 22:00:00+00:00,9611.67883016268
2025-11-24 00:00:00+00:00,9611.67883016268
2025-11-24 02:00:00+00:00,9611.67883016268
2025-11-24 04:00:00+00:00,9611.67883016268
2025-11-24 06:00:00+00:00,9611.67883016268
2025-11-24 08:00:00+00:00,9611.67883016268
2025-11-24 10:00:00+00:00,9610.071349502328
2025-11-24 12:00:00+00:00,9617.786912163177
2025-11-24 14:00:00+00:00,9588.18068334829
2025-11-24 16:00:00+00:00,9479.843755096223
2025-11-24 18:00:00+00:00,9478.945975961798
2025-11-24 20:00:00+00:00,9502.737123024071
2025-11-24 22:00:00+00:00,9475.635415403603
2025-11-25 00:00:00+00:00,9444.43759048232
2025-11-25 02:00:00+00:00,9449.543709309364
2025-11-25 04:00:00+00:00,9465.367066553612
2025-11-25 06:00:00+00:00,9425.920895834795
2025-11-25 08:00:00+00:00,9410.99894374532
2025-11-25 10:00:00+00:00,9403.699043386154
2025-11-25 12:00:00+00:00,9422.144327329408
2025-11-25 14:00:00+00:00,9427.749607962342
2025-11-25 16:00:00+00:00,9385.514470170012
2025-11-25 18:00:00+00:00,9433.615599322387
2025-11-25 20:00:00+00:00,9425.142500691209
2025-11-25 22:00:00+00:00,9402.460667432366
2025-11-26 00:00:00+00:00,9366.026343318304
2025-11-26 02:00:00+00:00,9418.950620922273
2025-11-26 04:00:00+00:00,9392.42330443851
2025-11-26 06:00:00+00:00,9364.527256637402
2025-11-26 08:00:00+00:00,9437.26554950197
2025-11-26 10:00:00+00:00,9420.384529921394
2025-11-26 12:00:00+00:00,9417.51671192315
2025-11-26 14:00:00+00:00,9428.271029416566
2025-11-26 16:00:00+00:00,9236.525584511937
2025-11-26 18:00:00+00:00,9244.490875270903
2025-11-26 20:00:00+00:00,9256.578064744299
2025-11-26 22:00:00+00:00,9272.564347596208
2025-11-27 00:00:00+00:00,9309.717137360056
2025-11-27 02:00:00+00:00,9307.600486668862
2025-11-27 04:00:00+00:00,9300.526417253557
2025-11-27 06:00:00+00:00,9325.48061487605
2025-11-27 08:00:00+00:00,9334.058620308784
2025-11-27 10:00:00+00:00,9323.308262850878
2025-11-27 12:00:00+00:00,9294.00936117804
2025-11-27 14:00:00+00:00,9300.192209249684
2025-11-27 16:00:00+00:00,9330.159526930269
2025-11-27 18:00:00+00:00,9332.109073619527
2025-11-27 20:00:00+00:00,9324.477990864434
2025-11-27 22:00:00+00:00,9315.612003444587
2025-11-28 00:00:00+00:00,9315.612003444587
2025-11-28 02:00:00+00:00,9315.612003444587
2025-11-28 04:00:00+00:00,9315.612003444587
2025-11-28 06:00:00+00:00,9315.612003444587
2025-11-28 08:00:00+00:00,9315.612003444587
2025-11-28 10:00:00+00:00,9315.612003444587
2025-11-28 12:00:00+00:00,9315.612003444587
2025-11-28 14:00:00+00:00,9315.612003444587
2025-11-28 16:00:00+00:00,9315.612003444587
2025-11-28 18:00:00+00:00,9315.612003444587
2025-11-28 20:00:00+00:00,9315.612003444587
2025-11-28 22:00:00+00:00,9315.612003444587
2025-11-29 00:00:00+00:00,9315.612003444587
2025-11-29 02:00:00+00:00,9315.612003444587
2025-11-29 04:00:00+00:00,9315.612003444587
2025-11-29 06:00:00+00:00,9315.612003444587
2025-11-29 08:00:00+00:00,9315.612003444587
2025-11-29 10:00:00+00:00,9315.612003444587
2025-11-29 12:00:00+00:00,9315.612003444587
2025-11-29 14:00:00+00:00,9315.612003444587
2025-11-29 16:00:00+00:00,9315.612003444587
2025-11-29 18:00:00+00:00,9315.612003444587
2025-11-29 20:00:00+00:00,9315.612003444587
2025-11-29 22:00:00+00:00,9315.612003444587
2025-11-30 00:00:00+00:00,9315.612003444587
2025-11-30 02:00:00+00:00,9315.612003444587
2025-11-30 04:00:00+00:00,9315.612003444587
2025-11-30 06:00:00+00:00,9315.612003444587
2025-11-30 08:00:00+00:00,9312.787934125477
2025-11-30 10:00:00+00:00,9273.651481410112
2025-11-30 12:00:00+00:00,9349.999643264679
2025-11-30 14:00:00+00:00,9316.10277028443
2025-11-30 16:00:00+00:00,9321.663140615576
2025-11-30 18:00:00+00:00,9318.134444059271
2025-11-30 20:00:00+00:00,9287.766267635327
2025-11-30 22:00:00+00:00,9185.375380285117
2025-12-01 00:00:00+00:00,9503.2486305904
2025-12-01 02:00:00+00:00,9582.791235761837
2025-12-01 04:00:00+00:00,9616.470545548
2025-12-01 06:00:00+00:00,9562.781763477116
2025-12-01 08:00:00+00:00,9547.92324445381
2025-12-01 10:00:00+00:00,9604.286559948889
2025-12-01 12:00:00+00:00,9618.352624624285
2025-12-01 14:00:00+00:00,9748.117024094501
2025-12-01 16:00:00+00:00,9723.451882515812
2025-12-01 18:00:00+00:00,9713.942430340894
2025-12-01 20:00:00+00:00,9574.86669228274
2025-12-01 22:00:00+00:00,9592.49880152373
2025-12-02 00:00:00+00:00,9574.668578695762
2025-12-02 02:00:00+00:00,9511.803402035697
2025-12-02 04:00:00+00:00,9511.803402035697
2025-12-02 06:00:00+00:00,9511.803402035697
2025-12-02 08:00:00+00:00,9511.803402035697
2025-12-02 10:00:00+00:00,9511.803402035697
2025-12-02 12:00:00+00:00,9511.803402035697
2025-12-02 14:00:00+00:00,9511.803402035697
2025-12-02 16:00:00+00:00,9511.803402035697
2025-12-02 18:00:00+00:00,9511.803402035697
2025-12-02 20:00:00+00:00,9511.803402035697
2025-12-02 22:00:00+00:00,9511.803402035697
2025-12-03 00:00:00+00:00,9511.803402035697
2025-12-03 02:00:00+00:00,9511.803402035697
2025-12-03 04:00:00+00:00,9511.803402035697
2025-12-03 06:00:00+00:00,9511.803402035697
2025-12-03 08:00:00+00:00,9511.803402035697
2025-12-03 10:00:00+00:00,9511.803402035697
2025-12-03 12:00:00+00:00,9511.803402035697
2025-12-03 14:00:00+00:00,9511.803402035697
2025-12-03 16:00:00+00:00,9511.803402035697
2025-12-03 18:00:00+00:00,9511.803402035697
2025-12-03 20:00:00+00:00,9511.803402035697
2025-12-03 22:00:00+00:00,9511.803402035697
2025-12-04 00:00:00+00:00,9511.803402035697
2025-12-04 02:00:00+00:00,9511.803402035697
2025-12-04 04:00:00+00:00,9511.803402035697
2025-12-04 06:00:00+00:00,9511.803402035697
2025-12-04 08:00:00+00:00,9511.803402035697
2025-12-04 10:00:00+00:00,9511.803402035697
2025-12-04 12:00:00+00:00,9511.803402035697
2025-12-04 14:00:00+00:00,9511.803402035697
2025-12-04 16:00:00+00:00,9511.803402035697
2025-12-04 18:00:00+00:00,9511.803402035697
2025-12-04 20:00:00+00:00,9511.803402035697
2025-12-04 22:00:00+00:00,9511.803402035697
2025-12-05 00:00:00+00:00,9511.803402035697
2025-12-05 02:00:00+00:00,9511.803402035697
2025-12-05 04:00:00+00:00,9511.803402035697
2025-12-05 06:00:00+00:00,9511.803402035697
2025-12-05 08:00:00+00:00,9511.803402035697
2025-12-05 10:00:00+00:00,9511.803402035697
2025-12-05 12:00:00+00:00,9511.803402035697
2025-12-05 14:00:00+00:00,9511.803402035697
2025-12-05 16:00:00+00:00,9511.803402035697
2025-12-05 18:00:00+00:00,9511.803402035697
2025-12-05 20:00:00+00:00,9511.803402035697
2025-12-05 22:00:00+00:00,9511.803402035697
2025-12-06 00:00:00+00:00,9511.803402035697
2025-12-06 02:00:00+00:00,9511.803402035697
2025-12-06 04:00:00+00:00,9511.803402035697
2025-12-06 06:00:00+00:00,9511.803402035697
2025-12-06 08:00:00+00:00,9511.803402035697
2025-12-06 10:00:00+00:00,9511.803402035697
2025-12-06 12:00:00+00:00,9511.803402035697
2025-12-06 14:00:00+00:00,9511.803402035697
2025-12-06 16:00:00+00:00,9511.803402035697
2025-12-06 18:00:00+00:00,9511.803402035697
2025-12-06 20:00:00+00:00,9511.803402035697
2025-12-06 22:00:00+00:00,9511.803402035697
2025-12-07 00:00:00+00:00,9511.803402035697
2025-12-07 02:00:00+00:00,9511.803402035697
2025-12-07 04:00:00+00:00,9511.803402035697
2025-12-07 06:00:00+00:00,9511.803402035697
2025-12-07 08:00:00+00:00,9511.803402035697
2025-12-07 10:00:00+00:00,9511.803402035697
2025-12-07 12:00:00+00:00,9511.803402035697
2025-12-07 14:00:00+00:00,9511.803402035697
2025-12-07 16:00:00+00:00,9511.803402035697
2025-12-07 18:00:00+00:00,9511.803402035697
2025-12-07 20:00:00+00:00,9511.803402035697
2025-12-07 22:00:00+00:00,9511.803402035697
2025-12-08 00:00:00+00:00,9511.803402035697
2025-12-08 02:00:00+00:00,9511.803402035697
2025-12-08 04:00:00+00:00,9511.803402035697
2025-12-08 06:00:00+00:00,9511.803402035697
2025-12-08 08:00:00+00:00,9511.803402035697
2025-12-08 10:00:00+00:00,9511.803402035697
2025-12-08 12:00:00+00:00,9511.803402035697
2025-12-08 14:00:00+00:00,9511.803402035697
2025-12-08 16:00:00+00:00,9511.803402035697
2025-12-08 18:00:00+00:00,9510.055477994894
2025-12-08 20:00:00+00:00,9429.314682000617
2025-12-08 22:00:00+00:00,9474.92449937176
2025-12-09 00:00:00+00:00,9514.220144676796
2025-12-09 02:00:00+00:00,9490.911445666801
2025-12-09 04:00:00+00:00,9525.840908160166
2025-12-09 06:00:00+00:00,9485.336166076513
2025-12-09 08:00:00+00:00,9509.316585519075
2025-12-09 10:00:00+00:00,9492.120542445418
2025-12-09 12:00:00+00:00,9487.88870372026
2025-12-09 14:00:00+00:00,9326.691778785456
2025-12-09 16:00:00+00:00,9400.715200460352
2025-12-09 18:00:00+00:00,9394.416661632076
2025-12-09 20:00:00+00:00,9324.32203150353
2025-12-09 22:00:00+00:00,9325.631628685647
2025-12-10 00:00:00+00:00,9302.30832648985
2025-12-10 02:00:00+00:00,9308.606865318126
2025-12-10 04:00:00+00:00,9318.397663298716
2025-12-10 06:00:00+00:00,9331.743082202192
2025-12-10 08:00:00+00:00,9340.161921230088
2025-12-10 10:00:00+00:00,9290.147781227335
2025-12-10 12:00:00+00:00,9279.935765338058
2025-12-10 14:00:00+00:00,9279.935765338058
2025-12-10 16:00:00+00:00,9279.935765338058
2025-12-10 18:00:00+00:00,9279.935765338058
2025-12-10 20:00:00+00:00,9279.935765338058
2025-12-10 22:00:00+00:00,9279.935765338058
2025-12-11 00:00:00+00:00,9279.935765338058
2025-12-11 02:00:00+00:00,9279.935765338058
2025-12-11 04:00:00+00:00,9279.935765338058
2025-12-11 06:00:00+00:00,9279.935765338058
2025-12-11 08:00:00+00:00,9279.935765338058
2025-12-11 10:00:00+00:00,9279.935765338058
2025-12-11 12:00:00+00:00,9279.935765338058
2025-12-11 14:00:00+00:00,9279.935765338058
2025-12-11 16:00:00+00:00,9279.935765338058
2025-12-11 18:00:00+00:00,9279.935765338058
2025-12-11 20:00:00+00:00,9278.371993135685
2025-12-11 22:00:00+00:00,9258.439383234278
2025-12-12 00:00:00+00:00,9239.517440877167
2025-12-12 02:00:00+00:00,9245.69374253676
2025-12-12 04:00:00+00:00,9255.238936010672
2025-12-12 06:00:00+00:00,9254.621305844714
2025-12-12 08:00:00+00:00,9259.618495369292
2025-12-12 10:00:00+00:00,9253.835231088038
2025-12-12 12:00:00+00:00,9247.209743853204
2025-12-12 14:00:00+00:00,9104.231247557607
2025-12-12 16:00:00+00:00,9095.287477513104
2025-12-12 18:00:00+00:00,9089.344577680902
2025-12-12 20:00:00+00:00,9089.874143012485
2025-12-12 22:00:00+00:00,9085.108055028244
2025-12-13 00:00:00+00:00,9087.108635169778
2025-12-13 02:00:00+00:00,9080.341967044003
2025-12-13 04:00:00+00:00,9080.69501059839
2025-12-13 06:00:00+00:00,9081.401097707168
2025-12-13 08:00:00+00:00,9075.458197874967
2025-12-13 10:00:00+00:00,9080.224285859207
2025-12-13 12:00:00+00:00,9084.990373843448
2025-12-13 14:00:00+00:00,9094.875593366318
2025-12-13 16:00:00+00:00,9097.052695285045
2025-12-13 18:00:00+00:00,9089.579940050495
2025-12-13 20:00:00+00:00,9089.638780642894
2025-12-13 22:00:00+00:00,9085.461098582633
2025-12-14 00:00:00+00:00,9078.526964762948
2025-12-14 02:00:00+00:00,9078.526964762948
2025-12-14 04:00:00+00:00,9078.526964762948
2025-12-14 06:00:00+00:00,9078.526964762948
2025-12-14 08:00:00+00:00,9078.526964762948
2025-12-14 10:00:00+00:00,9074.55551768426
2025-12-14 12:00:00+00:00,9060.060352176926
2025-12-14 14:00:00+00:00,9114.959364846438
2025-12-14 16:00:00+00:00,9138.585343271778
2025-12-14 18:00:00+00:00,9156.732833946315
2025-12-14 20:00:00+00:00,9180.358812371656
2025-12-14 22:00:00+00:00,9211.517711454351
2025-12-15 00:00:00+00:00,9087.56692609242
2025-12-15 02:00:00+00:00,9084.257006409644
2025-12-15 04:00:00+00:00,9036.732230798823
2025-12-15 06:00:00+00:00,9036.732230798823
2025-12-15 08:00:00+00:00,9036.732230798823
2025-12-15 10:00:00+00:00,9036.732230798823
2025-12-15 12:00:00+00:00,9036.732230798823
2025-12-15 14:00:00+00:00,9034.722187359259
2025-12-15 16:00:00+00:00,9132.983071689825
2025-12-15 18:00:00+00:00,9101.256203081522
2025-12-15 20:00:00+00:00,9094.864625182277
2025-12-15 22:00:00+00:00,9079.386225691334
2025-12-16 00:00:00+00:00,9121.355020330957
2025-12-16 02:00:00+00:00,9123.896250098127
2025-12-16 04:00:00+00:00,9111.80615696341
2025-12-16 06:00:00+00:00,9113.731331029447
2025-12-16 08:00:00+00:00,9088.396040320391
2025-12-16 10:00:00+00:00,9010.666178449703
2025-12-16 12:00:00+00:00,9010.666178449703
2025-12-16 14:00:00+00:00,9010.666178449703
2025-12-16 16:00:00+00:00,9010.666178449703
2025-12-16 18:00:00+00:00,9010.666178449703
2025-12-16 20:00:00+00:00,9010.666178449703
2025-12-16 22:00:00+00:00,9010.666178449703
2025-12-17 00:00:00+00:00,9010.666178449703
2025-12-17 02:00:00+00:00,9010.666178449703
2025-12-17 04:00:00+00:00,9010.666178449703
2025-12-17 06:00:00+00:00,9010.666178449703
2025-12-17 08:00:00+00:00,9010.666178449703
2025-12-17 10:00:00+00:00,9010.666178449703
2025-12-17 12:00:00+00:00,9010.666178449703
2025-12-17 14:00:00+00:00,9010.666178449703
2025-12-17 16:00:00+00:00,9010.666178449703
2025-12-17 18:00:00+00:00,9010.666178449703
2025-12-17 20:00:00+00:00,9009.838058872134
2025-12-17 22:00:00+00:00,8994.659133912985
2025-12-18 00:00:00+00:00,9001.660483063884
2025-12-18 02:00:00+00:00,8973.487054080664
2025-12-18 04:00:00+00:00,8977.913869428807
2025-12-18 06:00:00+00:00,8977.913869428807
2025-12-18 08:00:00+00:00,8977.913869428807
2025-12-18 10:00:00+00:00,8977.913869428807
2025-12-18 12:00:00+00:00,8977.913869428807
2025-12-18 14:00:00+00:00,8977.913869428807
2025-12-18 16:00:00+00:00,8977.913869428807
2025-12-18 18:00:00+00:00,8976.701864787865
2025-12-18 20:00:00+00:00,8920.66630565744
2025-12-18 22:00:00+00:00,8926.408634517944
2025-12-19 00:00:00+00:00,8935.404949732736
2025-12-19 02:00:00+00:00,8860.850380027185
2025-12-19 04:00:00+00:00,8844.109948372692
2025-12-19 06:00:00+00:00,8844.109948372692
2025-12-19 08:00:00+00:00,8844.109948372692
2025-12-19 10:00:00+00:00,8844.109948372692
2025-12-19 12:00:00+00:00,8844.109948372692
2025-12-19 14:00:00+00:00,8844.109948372692
2025-12-19 16:00:00+00:00,8844.109948372692
2025-12-19 18:00:00+00:00,8844.109948372692
2025-12-19 20:00:00+00:00,8844.109948372692
2025-12-19 22:00:00+00:00,8844.109948372692
2025-12-20 00:00:00+00:00,8844.109948372692
2025-12-20 02:00:00+00:00,8844.109948372692
2025-12-20 04:00:00+00:00,8844.109948372692
2025-12-20 06:00:00+00:00,8844.109948372692
2025-12-20 08:00:00+00:00,8844.109948372692
2025-12-20 10:00:00+00:00,8844.109948372692
2025-12-20 12:00:00+00:00,8844.109948372692
2025-12-20 14:00:00+00:00,8844.109948372692
2025-12-20 16:00:00+00:00,8844.109948372692
2025-12-20 18:00:00+00:00,8844.109948372692
2025-12-20 20:00:00+00:00,8844.109948372692
2025-12-20 22:00:00+00:00,8844.109948372692
2025-12-21 00:00:00+00:00,8844.109948372692
2025-12-21 02:00:00+00:00,8844.109948372692
2025-12-21 04:00:00+00:00,8844.109948372692
2025-12-21 06:00:00+00:00,8844.109948372692
2025-12-21 08:00:00+00:00,8844.109948372692
2025-12-21 10:00:00+00:00,8841.299614265012
2025-12-21 12:00:00+00:00,8730.854902863266
2025-12-21 14:00:00+00:00,8693.80596338478
2025-12-21 16:00:00+00:00,8669.552276200411
2025-12-21 18:00:00+00:00,8653.892415183733
2025-12-21 20:00:00+00:00,8686.262493748698
2025-12-21 22:00:00+00:00,8639.473884613497
2025-12-22 00:00:00+00:00,8545.109354650951
2025-12-22 02:00:00+00:00,8542.742333210466
2025-12-22 04:00:00+00:00,8548.055378001702
2025-12-22 06:00:00+00:00,8578.476844145063
2025-12-22 08:00:00+00:00,8633.321177473941
2025-12-22 10:00:00+00:00,8643.090324348146
2025-12-22 12:00:00+00:00,8639.748247785918
2025-12-22 14:00:00+00:00,8624.066196224692
2025-12-22 16:00:00+00:00,8588.160296748443
2025-12-22 18:00:00+00:00,8468.66101621164
2025-12-22 20:00:00+00:00,8452.820956440526
2025-12-22 22:00:00+00:00,8428.043615238923
2025-12-23 00:00:00+00:00,8436.472270896946
2025-12-23 02:00:00+00:00,8458.633822411577
2025-12-23 04:00:00+00:00,8488.49742133785
2025-12-23 06:00:00+00:00,8503.538212037944
2025-12-23 08:00:00+00:00,8506.953270795935
2025-12-23 10:00:00+00:00,8482.393912068246
2025-12-23 12:00:00+00:00,8499.469205858208
2025-12-23 14:00:00+00:00,8511.38558109886
2025-12-23 16:00:00+00:00,8531.221986225071
2025-12-23 18:00:00+00:00,8488.715403811764
2025-12-23 20:00:00+00:00,8491.040550200185
2025-12-23 22:00:00+00:00,8508.987773885803
2025-12-24 00:00:00+00:00,8498.887919261102
2025-12-24 02:00:00+00:00,8520.39552335399
2025-12-24 04:00:00+00:00,8548.079297541119
2025-12-24 06:00:00+00:00,8551.276373825196
2025-12-24 08:00:00+00:00,8557.670526393353
2025-12-24 10:00:00+00:00,8528.460874888822
2025-12-24 12:00:00+00:00,8522.35736561922
2025-12-24 14:00:00+00:00,8539.723302707733
2025-12-24 16:00:00+00:00,8514.934507754462
2025-12-24 18:00:00+00:00,8514.934507754462
2025-12-24 20:00:00+00:00,8514.934507754462
2025-12-24 22:00:00+00:00,8514.934507754462
2025-12-25 00:00:00+00:00,8514.934507754462
2025-12-25 02:00:00+00:00,8514.934507754462
2025-12-25 04:00:00+00:00,8514.934507754462
2025-12-25 06:00:00+00:00,8514.934507754462
2025-12-25 08:00:00+00:00,8514.934507754462
2025-12-25 10:00:00+00:00,8514.934507754462
2025-12-25 12:00:00+00:00,8514.934507754462
2025-12-25 14:00:00+00:00,8514.934507754462
2025-12-25 16:00:00+00:00,8514.934507754462
2025-12-25 18:00:00+00:00,8514.934507754462
2025-12-25 20:00:00+00:00,8514.934507754462
2025-12-25 22:00:00+00:00,8514.934507754462
2025-12-26 00:00:00+00:00,8512.274680990977
2025-12-26 02:00:00+00:00,8327.128819963957
2025-12-26 04:00:00+00:00,8341.316977013266
2025-12-26 06:00:00+00:00,8297.16677066571
2025-12-26 08:00:00+00:00,8326.711521227213
2025-12-26 10:00:00+00:00,8303.175872474829
2025-12-26 12:00:00+00:00,8341.901195244707
2025-12-26 14:00:00+00:00,8149.616755558609
2025-12-26 16:00:00+00:00,8147.836100288051
2025-12-26 18:00:00+00:00,8134.758016971134
2025-12-26 20:00:00+00:00,8137.585710661278
2025-12-26 22:00:00+00:00,8144.725637228892
2025-12-27 00:00:00+00:00,8137.020171923249
2025-12-27 02:00:00+00:00,8133.980401206344
2025-12-27 04:00:00+00:00,8134.687324628881
2025-12-27 06:00:00+00:00,8132.001015623243
2025-12-27 08:00:00+00:00,8126.274935900701
2025-12-27 10:00:00+00:00,8137.444325976771
2025-12-27 12:00:00+00:00,8138.858172821843
2025-12-27 14:00:00+00:00,8132.001015623243
2025-12-27 16:00:00+00:00,8131.506169227468
2025-12-27 18:00:00+00:00,8130.657861120425
2025-12-27 20:00:00+00:00,8117.834228024162
2025-12-27 22:00:00+00:00,8117.834228024162
2025-12-28 00:00:00+00:00,8117.834228024162
2025-12-28 02:00:00+00:00,8117.834228024162
2025-12-28 04:00:00+00:00,8117.834228024162
2025-12-28 06:00:00+00:00,8117.834228024162
2025-12-28 08:00:00+00:00,8117.834228024162
2025-12-28 10:00:00+00:00,8117.834228024162
2025-12-28 12:00:00+00:00,8117.834228024162
2025-12-28 14:00:00+00:00,8117.834228024162
2025-12-28 16:00:00+00:00,8117.834228024162
2025-12-28 18:00:00+00:00,8117.834228024162
2025-12-28 20:00:00+00:00,8113.1604249370375
2025-12-28 22:00:00+00:00,8025.679922095379
2025-12-29 00:00:00+00:00,8109.297085169475
2025-12-29 02:00:00+00:00,8385.382156147854
2025-12-29 04:00:00+00:00,8360.808275875586
2025-12-29 06:00:00+00:00,8298.466485654662
2025-12-29 08:00:00+00:00,8051.408279964331
2025-12-29 10:00:00+00:00,7959.544848342493
2025-12-29 12:00:00+00:00,7840.269585408981
2025-12-29 14:00:00+00:00,7813.147682280903
2025-12-29 16:00:00+00:00,7798.682667279261
2025-12-29 18:00:00+00:00,7841.5611046055565
2025-12-29 20:00:00+00:00,7841.5611046055565
2025-12-29 22:00:00+00:00,7850.946144100669
2025-12-30 00:00:00+00:00,7844.919054516651
2025-12-30 02:00:00+00:00,7839.925180289894
2025-12-30 04:00:00+00:00,7849.912928743409
2025-12-30 06:00:00+00:00,7829.076419038663
2025-12-30 08:00:00+00:00,7786.025779152825
2025-12-30 10:00:00+00:00,7795.324717368166
2025-12-30 12:00:00+00:00,7766.777270960207
2025-12-30 14:00:00+00:00,7852.1481245536315
2025-12-30 16:00:00+00:00,7790.334564654174
2025-12-30 18:00:00+00:00,7775.343559576195
2025-12-30 20:00:00+00:00,7781.865620227004
2025-12-30 22:00:00+00:00,7802.794620822883
2025-12-31 00:00:00+00:00,7818.661723600225
2025-12-31 02:00:00+00:00,7798.511476514889
2025-12-31 04:00:00+00:00,7799.387574214252
2025-12-31 06:00:00+00:00,7813.697169970505
2025-12-31 08:00:00+00:00,7819.732509677223
2025-12-31 10:00:00+00:00,7853.316254819448
2025-12-31 12:00:00+00:00,7850.590617532543
2025-12-31 14:00:00+00:00,7750.326103049958
2025-12-31 16:00:00+00:00,7702.831432149966
2025-12-31 18:00:00+00:00,7708.664931836477
2025-12-31 20:00:00+00:00,7685.330933090431
2025-12-31 22:00:00+00:00,7699.869809232198
2026-01-01 00:00:00+00:00,7670.881803097688
2026-01-01 02:00:00+00:00,7681.292356384385
2026-01-01 04:00:00+00:00,7692.1516404161985
2026-01-01 06:00:00+00:00,7698.972347741966
2026-01-01 08:00:00+00:00,7677.792256572478
2026-01-01 10:00:00+00:00,7664.86881111313
2026-01-01 12:00:00+00:00,7675.90758744299
2026-01-01 14:00:00+00:00,7665.856018752385
2026-01-01 16:00:00+00:00,7630.355046848784
2026-01-01 18:00:00+00:00,7640.110917149564
2026-01-01 20:00:00+00:00,7638.7172213923095
2026-01-01 22:00:00+00:00,7690.283964410717
2026-01-02 00:00:00+00:00,7668.100973607753
2026-01-02 02:00:00+00:00,7702.014237034275
2026-01-02 04:00:00+00:00,7680.411952796833
2026-01-02 06:00:00+00:00,7692.374508046599
2026-01-02 08:00:00+00:00,7763.104567727253
2026-01-02 10:00:00+00:00,7765.7758179286575
2026-01-02 12:00:00+00:00,7746.960925205724
2026-01-02 14:00:00+00:00,7754.974675809936
2026-01-02 16:00:00+00:00,7864.612075380606
2026-01-02 18:00:00+00:00,7811.070930039421
2026-01-02 20:00:00+00:00,7831.744083772026
2026-01-02 22:00:00+00:00,7820.710659027097
2026-01-03 00:00:00+00:00,7856.017618210872
2026-01-03 02:00:00+00:00,7860.430988108844
2026-01-03 04:00:00+00:00,7828.608268318204
2026-01-03 06:00:00+00:00,7773.789568532869
2026-01-03 08:00:00+00:00,7784.221016434427
2026-01-03 10:00:00+00:00,7784.221016434427
2026-01-03 12:00:00+00:00,7784.221016434427
2026-01-03 14:00:00+00:00,7784.221016434427
2026-01-03 16:00:00+00:00,7784.221016434427
2026-01-03 18:00:00+00:00,7784.221016434427
2026-01-03 20:00:00+00:00,7784.221016434427
2026-01-03 22:00:00+00:00,7781.506268256784
2026-01-04 00:00:00+00:00,7841.8577405574015
2026-01-04 02:00:00+00:00,7842.687314059815
2026-01-04 04:00:00+00:00,7868.922576073657
2026-01-04 06:00:00+00:00,7874.2111071515465
2026-01-04 08:00:00+00:00,7866.433855566415
2026-01-04 10:00:00+00:00,7849.531295454731
2026-01-04 12:00:00+00:00,7846.420394820679
2026-01-04 14:00:00+00:00,7853.471769591197
2026-01-04 16:00:00+00:00,7854.19764640581
2026-01-04 18:00:00+00:00,7820.642709758354
2026-01-04 20:00:00+00:00,7820.642709758354
2026-01-04 22:00:00+00:00,7820.642709758354
2026-01-05 00:00:00+00:00,7817.9163044779325
2026-01-05 02:00:00+00:00,7810.64629323726
2026-01-05 04:00:00+00:00,7760.983619047726
2026-01-05 06:00:00+00:00,7777.884034789031
2026-01-05 08:00:00+00:00,7793.273798843962
2026-01-05 10:00:00+00:00,7836.138540444815
2026-01-05 12:00:00+00:00,7798.5610797462705
2026-01-05 14:00:00+00:00,7913.087360719472
2026-01-05 16:00:00+00:00,7944.055720290131
2026-01-05 18:00:00+00:00,7944.622214672521
2026-01-05 20:00:00+00:00,7924.03958544568
2026-01-05 22:00:00+00:00,7903.929034870831
2026-01-06 00:00:00+00:00,7895.526034865377
2026-01-06 02:00:00+00:00,7893.826551718207
2026-01-06 04:00:00+00:00,7865.424152417072
2026-01-06 06:00:00+00:00,7865.424152417072
2026-01-06 08:00:00+00:00,7865.424152417072
2026-01-06 10:00:00+00:00,7865.424152417072
2026-01-06 12:00:00+00:00,7865.424152417072
2026-01-06 14:00:00+00:00,7865.424152417072
2026-01-06 16:00:00+00:00,7865.424152417072
2026-01-06 18:00:00+00:00,7865.424152417072
2026-01-06 20:00:00+00:00,7865.424152417072
2026-01-06 22:00:00+00:00,7865.424152417072
2026-01-07 00:00:00+00:00,7865.424152417072
2026-01-07 02:00:00+00:00,7865.424152417072
2026-01-07 04:00:00+00:00,7865.424152417072
2026-01-07 06:00:00+00:00,7865.424152417072
2026-01-07 08:00:00+00:00,7865.424152417072
2026-01-07 10:00:00+00:00,7865.424152417072
2026-01-07 12:00:00+00:00,7865.424152417072
2026-01-07 14:00:00+00:00,7865.424152417072
2026-01-07 16:00:00+00:00,7865.424152417072
2026-01-07 18:00:00+00:00,7865.424152417072
2026-01-07 20:00:00+00:00,7865.424152417072
2026-01-07 22:00:00+00:00,7865.424152417072
2026-01-08 00:00:00+00:00,7865.424152417072
2026-01-08 02:00:00+00:00,7865.424152417072
2026-01-08 04:00:00+00:00,7865.424152417072
2026-01-08 06:00:00+00:00,7865.424152417072
2026-01-08 08:00:00+00:00,7865.424152417072
2026-01-08 10:00:00+00:00,7865.424152417072
2026-01-08 12:00:00+00:00,7865.424152417072
2026-01-08 14:00:00+00:00,7865.424152417072
2026-01-08 16:00:00+00:00,7865.424152417072
2026-01-08 18:00:00+00:00,7865.424152417072
2026-01-08 20:00:00+00:00,7865.424152417072
2026-01-08 22:00:00+00:00,7865.424152417072
2026-01-09 00:00:00+00:00,7865.424152417072
2026-01-09 02:00:00+00:00,7865.424152417072
2026-01-09 04:00:00+00:00,7865.424152417072
2026-01-09 06:00:00+00:00,7865.424152417072
2026-01-09 08:00:00+00:00,7865.424152417072
2026-01-09 10:00:00+00:00,7865.424152417072
2026-01-09 12:00:00+00:00,7865.424152417072
2026-01-09 14:00:00+00:00,7865.424152417072
2026-01-09 16:00:00+00:00,7865.424152417072
2026-01-09 18:00:00+00:00,7865.424152417072
2026-01-09 20:00:00+00:00,7865.424152417072
2026-01-09 22:00:00+00:00,7865.424152417072
2026-01-10 00:00:00+00:00,7865.424152417072
2026-01-10 02:00:00+00:00,7865.424152417072
2026-01-10 04:00:00+00:00,7865.424152417072
2026-01-10 06:00:00+00:00,7865.424152417072
2026-01-10 08:00:00+00:00,7865.424152417072
2026-01-10 10:00:00+00:00,7865.424152417072
2026-01-10 12:00:00+00:00,7865.424152417072
2026-01-10 14:00:00+00:00,7865.424152417072
2026-01-10 16:00:00+00:00,7865.424152417072
2026-01-10 18:00:00+00:00,7865.424152417072
2026-01-10 20:00:00+00:00,7865.424152417072
2026-01-10 22:00:00+00:00,7865.424152417072
2026-01-11 00:00:00+00:00,7865.424152417072
2026-01-11 02:00:00+00:00,7865.424152417072
2026-01-11 04:00:00+00:00,7865.424152417072
2026-01-11 06:00:00+00:00,7865.424152417072
2026-01-11 08:00:00+00:00,7865.424152417072
2026-01-11 10:00:00+00:00,7865.424152417072
2026-01-11 12:00:00+00:00,7865.424152417072
2026-01-11 14:00:00+00:00,7865.424152417072
2026-01-11 16:00:00+00:00,7865.424152417072
2026-01-11 18:00:00+00:00,7865.424152417072
2026-01-11 20:00:00+00:00,7865.424152417072
2026-01-11 22:00:00+00:00,7865.424152417072
2026-01-12 00:00:00+00:00,7865.424152417072
2026-01-12 02:00:00+00:00,7865.424152417072
2026-01-12 04:00:00+00:00,7865.424152417072
2026-01-12 06:00:00+00:00,7865.424152417072
2026-01-12 08:00:00+00:00,7865.424152417072
2026-01-12 10:00:00+00:00,7863.282863970736
2026-01-12 12:00:00+00:00,7862.45138892513
2026-01-12 14:00:00+00:00,7754.290179209917
2026-01-12 16:00:00+00:00,7740.675746875731
2026-01-12 18:00:00+00:00,7768.236670869328
2026-01-12 20:00:00+00:00,7701.74179099321
2026-01-12 22:00:00+00:00,7721.831380169266
2026-01-13 00:00:00+00:00,7704.428296767248
2026-01-13 02:00:00+00:00,7702.167309231133
2026-01-13 04:00:00+00:00,7743.862246356511
2026-01-13 06:00:00+00:00,7747.363347947191
2026-01-13 08:00:00+00:00,7772.109770554046
2026-01-13 10:00:00+00:00,7750.705308556477
2026-01-13 12:00:00+00:00,7756.991377321562
2026-01-13 14:00:00+00:00,7865.445956141961
2026-01-13 16:00:00+00:00,7847.6221662257685
2026-01-13 18:00:00+00:00,7924.487260239345
2026-01-13 20:00:00+00:00,7913.745243995212
2026-01-13 22:00:00+00:00,8019.8127080946915
2026-01-14 00:00:00+00:00,8005.0921673156945
2026-01-14 02:00:00+00:00,8044.240848738758
2026-01-14 04:00:00+00:00,7986.711383964622
2026-01-14 06:00:00+00:00,8004.614744371511
2026-01-14 08:00:00+00:00,7994.6684330343505
2026-01-14 10:00:00+00:00,7971.990843185624
2026-01-14 12:00:00+00:00,7987.984511815778
2026-01-14 14:00:00+00:00,8128.26728691509
2026-01-14 16:00:00+00:00,8144.6588079987305
2026-01-14 18:00:00+00:00,8168.370814226521
2026-01-14 20:00:00+00:00,8192.958095851982
2026-01-14 22:00:00+00:00,8142.589975240601
2026-01-15 00:00:00+00:00,8104.23699872451
2026-01-15 02:00:00+00:00,8054.497440162862
2026-01-15 04:00:00+00:00,8054.497440162862
2026-01-15 06:00:00+00:00,8054.497440162862
2026-01-15 08:00:00+00:00,8054.497440162862
2026-01-15 10:00:00+00:00,8054.497440162862
2026-01-15 12:00:00+00:00,8054.497440162862
2026-01-15 14:00:00+00:00,8054.497440162862
2026-01-15 16:00:00+00:00,8054.497440162862
2026-01-15 18:00:00+00:00,8054.497440162862
2026-01-15 20:00:00+00:00,8054.497440162862
2026-01-15 22:00:00+00:00,8054.497440162862
2026-01-16 00:00:00+00:00,8054.497440162862
2026-01-16 02:00:00+00:00,8054.497440162862
2026-01-16 04:00:00+00:00,8054.497440162862
2026-01-16 06:00:00+00:00,8054.497440162862
2026-01-16 08:00:00+00:00,8054.497440162862
2026-01-16 10:00:00+00:00,8054.497440162862
2026-01-16 12:00:00+00:00,8054.497440162862
2026-01-16 14:00:00+00:00,8054.497440162862
2026-01-16 16:00:00+00:00,8054.497440162862
2026-01-16 18:00:00+00:00,8054.497440162862
2026-01-16 20:00:00+00:00,8054.497440162862
2026-01-16 22:00:00+00:00,8054.497440162862
2026-01-17 00:00:00+00:00,8054.497440162862
2026-01-17 02:00:00+00:00,8054.497440162862
2026-01-17 04:00:00+00:00,8054.497440162862
2026-01-17 06:00:00+00:00,8054.497440162862
2026-01-17 08:00:00+00:00,8054.497440162862
2026-01-17 10:00:00+00:00,8054.497440162862
2026-01-17 12:00:00+00:00,8054.497440162862
2026-01-17 14:00:00+00:00,8054.497440162862
2026-01-17 16:00:00+00:00,8054.497440162862
2026-01-17 18:00:00+00:00,8054.497440162862
2026-01-17 20:00:00+00:00,8054.497440162862
2026-01-17 22:00:00+00:00,8054.497440162862
2026-01-18 00:00:00+00:00,8054.497440162862
2026-01-18 02:00:00+00:00,8054.497440162862
2026-01-18 04:00:00+00:00,8054.497440162862
2026-01-18 06:00:00+00:00,8054.497440162862
2026-01-18 08:00:00+00:00,8054.497440162862
2026-01-18 10:00:00+00:00,8054.497440162862
2026-01-18 12:00:00+00:00,8054.497440162862
2026-01-18 14:00:00+00:00,8054.497440162862
2026-01-18 16:00:00+00:00,8050.370396639707
2026-01-18 18:00:00+00:00,8068.92657414224
2026-01-18 20:00:00+00:00,8075.361377631021
2026-01-18 22:00:00+00:00,7865.352345848587
2026-01-19 00:00:00+00:00,7986.971273975012
2026-01-19 02:00:00+00:00,7972.081479970749
2026-01-19 04:00:00+00:00,7996.746253244986
2026-01-19 06:00:00+00:00,7960.601562456011
2026-01-19 08:00:00+00:00,7935.368476433519
2026-01-19 10:00:00+00:00,7918.660081634843
2026-01-19 12:00:00+00:00,7938.09637762514
2026-01-19 14:00:00+00:00,7934.800163685265
2026-01-19 16:00:00+00:00,7913.317941801251
2026-01-19 18:00:00+00:00,7928.548723454467
2026-01-19 20:00:00+00:00,7941.392591565015
2026-01-19 22:00:00+00:00,7983.561397485486
2026-01-20 00:00:00+00:00,7974.127405864464
2026-01-20 02:00:00+00:00,8006.5212325149605
2026-01-20 04:00:00+00:00,8099.4971981293675
2026-01-20 06:00:00+00:00,8149.395057426097
2026-01-20 08:00:00+00:00,8165.535139476519
2026-01-20 10:00:00+00:00,8144.848555440062
2026-01-20 12:00:00+00:00,8175.310118746494
2026-01-20 14:00:00+00:00,8204.97604420537
2026-01-20 16:00:00+00:00,8305.794725745685
2026-01-20 18:00:00+00:00,8310.568552831022
2026-01-20 20:00:00+00:00,8337.279251998976
2026-01-20 22:00:00+00:00,8458.329867377146
2026-01-21 00:00:00+00:00,8391.496288182438
2026-01-21 02:00:00+00:00,8345.69028067314
2026-01-21 04:00:00+00:00,8286.131104656086
2026-01-21 06:00:00+00:00,8370.80970414598
2026-01-21 08:00:00+00:00,8382.857934408972
2026-01-21 10:00:00+00:00,8420.025588144805
2026-01-21 12:00:00+00:00,8431.619168209192
2026-01-21 14:00:00+00:00,8239.328420407064
2026-01-21 16:00:00+00:00,8239.328420407064
2026-01-21 18:00:00+00:00,8239.328420407064
2026-01-21 20:00:00+00:00,8239.328420407064
2026-01-21 22:00:00+00:00,8239.328420407064
2026-01-22 00:00:00+00:00,8239.328420407064
2026-01-22 02:00:00+00:00,8239.328420407064
2026-01-22 04:00:00+00:00,8239.328420407064
2026-01-22 06:00:00+00:00,8239.328420407064
2026-01-22 08:00:00+00:00,8239.328420407064
2026-01-22 10:00:00+00:00,8239.328420407064
2026-01-22 12:00:00+00:00,8239.328420407064
2026-01-22 14:00:00+00:00,8239.328420407064
2026-01-22 16:00:00+00:00,8239.328420407064
2026-01-22 18:00:00+00:00,8239.328420407064
2026-01-22 20:00:00+00:00,8239.328420407064
2026-01-22 22:00:00+00:00,8239.328420407064
2026-01-23 00:00:00+00:00,8239.328420407064
2026-01-23 02:00:00+00:00,8239.328420407064
2026-01-23 04:00:00+00:00,8239.328420407064
2026-01-23 06:00:00+00:00,8239.328420407064
2026-01-23 08:00:00+00:00,8239.328420407064
2026-01-23 10:00:00+00:00,8239.328420407064
2026-01-23 12:00:00+00:00,8239.328420407064
2026-01-23 14:00:00+00:00,8239.328420407064
2026-01-23 16:00:00+00:00,8239.328420407064
2026-01-23 18:00:00+00:00,8239.328420407064
2026-01-23 20:00:00+00:00,8239.328420407064
2026-01-23 22:00:00+00:00,8239.328420407064
2026-01-24 00:00:00+00:00,8239.328420407064
2026-01-24 02:00:00+00:00,8239.328420407064
2026-01-24 04:00:00+00:00,8239.328420407064
2026-01-24 06:00:00+00:00,8239.328420407064
2026-01-24 08:00:00+00:00,8239.328420407064
2026-01-24 10:00:00+00:00,8239.328420407064
2026-01-24 12:00:00+00:00,8239.328420407064
2026-01-24 14:00:00+00:00,8236.722096490505
2026-01-24 16:00:00+00:00,8223.382099009741
2026-01-24 18:00:00+00:00,8231.561367538092
2026-01-24 20:00:00+00:00,8226.108521852524
2026-01-24 22:00:00+00:00,8241.688080954147
2026-01-25 00:00:00+00:00,8245.485598485167
2026-01-25 02:00:00+00:00,8266.810120005513
2026-01-25 04:00:00+00:00,8262.428369008181
2026-01-25 06:00:00+00:00,8295.827048832285
2026-01-25 08:00:00+00:00,8320.170109928571
2026-01-25 10:00:00+00:00,8304.590550826948
2026-01-25 12:00:00+00:00,8268.757564893216
2026-01-25 14:00:00+00:00,8315.106753220543
2026-01-25 16:00:00+00:00,8370.219443542534
2026-01-25 18:00:00+00:00,8506.7353301705
2026-01-25 20:00:00+00:00,8497.582339198298
2026-01-25 22:00:00+00:00,8488.429348226095
2026-01-26 00:00:00+00:00,8389.401775686407
2026-01-26 02:00:00+00:00,8430.200746083781
2026-01-26 04:00:00+00:00,8377.91185084896
2026-01-26 06:00:00+00:00,8359.508496660168
2026-01-26 08:00:00+00:00,8382.119798579051
2026-01-26 10:00:00+00:00,8382.119798579051
2026-01-26 12:00:00+00:00,8382.119798579051
2026-01-26 14:00:00+00:00,8382.119798579051
2026-01-26 16:00:00+00:00,8382.119798579051
2026-01-26 18:00:00+00:00,8382.119798579051
2026-01-26 20:00:00+00:00,8382.119798579051
2026-01-26 22:00:00+00:00,8382.119798579051
2026-01-27 00:00:00+00:00,8382.119798579051
2026-01-27 02:00:00+00:00,8382.119798579051
2026-01-27 04:00:00+00:00,8382.119798579051
2026-01-27 06:00:00+00:00,8382.119798579051
2026-01-27 08:00:00+00:00,8382.119798579051
2026-01-27 10:00:00+00:00,8382.119798579051
2026-01-27 12:00:00+00:00,8382.119798579051
2026-01-27 14:00:00+00:00,8382.119798579051
2026-01-27 16:00:00+00:00,8382.119798579051
2026-01-27 18:00:00+00:00,8382.119798579051
2026-01-27 20:00:00+00:00,8382.119798579051
2026-01-27 22:00:00+00:00,8382.119798579051
2026-01-28 00:00:00+00:00,8382.119798579051
2026-01-28 02:00:00+00:00,8382.119798579051
2026-01-28 04:00:00+00:00,8382.119798579051
2026-01-28 06:00:00+00:00,8382.119798579051
2026-01-28 08:00:00+00:00,8382.119798579051
2026-01-28 10:00:00+00:00,8382.119798579051
2026-01-28 12:00:00+00:00,8382.119798579051
2026-01-28 14:00:00+00:00,8382.119798579051
2026-01-28 16:00:00+00:00,8382.119798579051
2026-01-28 18:00:00+00:00,8382.119798579051
2026-01-28 20:00:00+00:00,8382.119798579051
2026-01-28 22:00:00+00:00,8382.119798579051
2026-01-29 00:00:00+00:00,8380.305122313937
2026-01-29 02:00:00+00:00,8418.349245086485
2026-01-29 04:00:00+00:00,8408.625280870367
2026-01-29 06:00:00+00:00,8396.488070060468
2026-01-29 08:00:00+00:00,8430.344500214396
2026-01-29 10:00:00+00:00,8434.248281469041
2026-01-29 12:00:00+00:00,8417.63946667655
2026-01-29 14:00:00+00:00,8638.948374894466
2026-01-29 16:00:00+00:00,8685.722772109222
2026-01-29 18:00:00+00:00,8703.964077244565
2026-01-29 20:00:00+00:00,8667.481466973877
2026-01-29 22:00:00+00:00,8658.112391962726
2026-01-30 00:00:00+00:00,8815.32830976346
2026-01-30 02:00:00+00:00,8800.068073949846
2026-01-30 04:00:00+00:00,8785.23370518219
2026-01-30 06:00:00+00:00,8790.486065415715
2026-01-30 08:00:00+00:00,8823.064894431758
2026-01-30 10:00:00+00:00,8766.140665954923
2026-01-30 12:00:00+00:00,8795.312558603277
2026-01-30 14:00:00+00:00,8785.517616546165
2026-01-30 16:00:00+00:00,8781.046012563571
2026-01-30 18:00:00+00:00,8682.659084440047
2026-01-30 20:00:00+00:00,8682.659084440047
2026-01-30 22:00:00+00:00,8682.659084440047
2026-01-31 00:00:00+00:00,8682.659084440047
2026-01-31 02:00:00+00:00,8682.659084440047
2026-01-31 04:00:00+00:00,8682.659084440047
2026-01-31 06:00:00+00:00,8682.659084440047
2026-01-31 08:00:00+00:00,8682.659084440047
2026-01-31 10:00:00+00:00,8682.659084440047
2026-01-31 12:00:00+00:00,8682.659084440047
2026-01-31 14:00:00+00:00,8682.659084440047
2026-01-31 16:00:00+00:00,8681.534174482962
2026-01-31 18:00:00+00:00,8735.545523321489
2026-01-31 20:00:00+00:00,8708.82512011088
2026-01-31 22:00:00+00:00,8688.095412282008
2026-02-01 00:00:00+00:00,8698.79308260654
2026-02-01 02:00:00+00:00,8682.72280451902
2026-02-01 04:00:00+00:00,8694.846830886823
2026-02-01 06:00:00+00:00,8706.875766851743
2026-02-01 08:00:00+00:00,8674.830301079588
2026-02-01 10:00:00+00:00,8688.761045102201
2026-02-01 12:00:00+00:00,8709.6333885354
2026-02-01 14:00:00+00:00,8744.293840386885
2026-02-01 16:00:00+00:00,8736.211156141682
2026-02-01 18:00:00+00:00,8763.930008582582
2026-02-01 20:00:00+00:00,8794.549118311465
2026-02-01 22:00:00+00:00,8773.676774878266
2026-02-02 00:00:00+00:00,8743.971351560214
2026-02-02 02:00:00+00:00,8743.971351560214
2026-02-02 04:00:00+00:00,8742.640651340143
2026-02-02 06:00:00+00:00,8692.092810860666
2026-02-02 08:00:00+00:00,8692.092810860666
2026-02-02 10:00:00+00:00,8692.092810860666
2026-02-02 12:00:00+00:00,8692.092810860666
2026-02-02 14:00:00+00:00,8692.092810860666
2026-02-02 16:00:00+00:00,8692.092810860666
2026-02-02 18:00:00+00:00,8692.092810860666
2026-02-02 20:00:00+00:00,8692.092810860666
2026-02-02 22:00:00+00:00,8692.092810860666
2026-02-03 00:00:00+00:00,8692.092810860666
2026-02-03 02:00:00+00:00,8692.092810860666
2026-02-03 04:00:00+00:00,8692.092810860666
2026-02-03 06:00:00+00:00,8692.092810860666
2026-02-03 08:00:00+00:00,8692.092810860666
2026-02-03 10:00:00+00:00,8692.092810860666
2026-02-03 12:00:00+00:00,8692.092810860666
2026-02-03 14:00:00+00:00,8692.092810860666
2026-02-03 16:00:00+00:00,8691.127261745767
2026-02-03 18:00:00+00:00,8689.664337142052
2026-02-03 20:00:00+00:00,8627.938357088524
2026-02-03 22:00:00+00:00,8650.30694619049
2026-02-04 00:00:00+00:00,8618.736089419994
2026-02-04 02:00:00+00:00,8605.9001058003
2026-02-04 04:00:00+00:00,8625.861947973573
2026-02-04 06:00:00+00:00,8615.10237346883
2026-02-04 08:00:00+00:00,8633.034997643403
2026-02-04 10:00:00+00:00,8636.668713594565
2026-02-04 12:00:00+00:00,8692.873333046977
2026-02-04 14:00:00+00:00,8727.653185722396
2026-02-04 16:00:00+00:00,8800.563460326908
2026-02-04 18:00:00+00:00,8735.9588221822
2026-02-04 20:00:00+00:00,8789.56793024092
2026-02-04 22:00:00+00:00,8772.248790577583
2026-02-05 00:00:00+00:00,8808.869096786711
2026-02-05 02:00:00+00:00,8864.035511681646
2026-02-05 04:00:00+00:00,8887.017585294849
2026-02-05 06:00:00+00:00,8886.54567413236
2026-02-05 08:00:00+00:00,8847.518620994539
2026-02-05 10:00:00+00:00,8906.69628077063
2026-02-05 12:00:00+00:00,8935.860390612434
2026-02-05 14:00:00+00:00,9040.388713103692
2026-02-05 16:00:00+00:00,9101.265253064741
2026-02-05 18:00:00+00:00,9145.624902338683
2026-02-05 20:00:00+00:00,9240.903766045161
2026-02-05 22:00:00+00:00,9256.099305477299
2026-02-06 00:00:00+00:00,9125.23834011917
2026-02-06 02:00:00+00:00,9197.629512444943
2026-02-06 04:00:00+00:00,9091.874220931215
2026-02-06 06:00:00+00:00,9166.436184604438
2026-02-06 08:00:00+00:00,9120.849566308023
2026-02-06 10:00:00+00:00,9079.938096709375
2026-02-06 12:00:00+00:00,9079.938096709375
2026-02-06 14:00:00+00:00,9079.938096709375
2026-02-06 16:00:00+00:00,9079.938096709375
2026-02-06 18:00:00+00:00,9079.938096709375
2026-02-06 20:00:00+00:00,9079.938096709375
2026-02-06 22:00:00+00:00,9079.938096709375
2026-02-07 00:00:00+00:00,9079.938096709375
2026-02-07 02:00:00+00:00,9079.938096709375
2026-02-07 04:00:00+00:00,9079.938096709375
2026-02-07 06:00:00+00:00,9079.938096709375
2026-02-07 08:00:00+00:00,9079.938096709375
2026-02-07 10:00:00+00:00,9079.938096709375
2026-02-07 12:00:00+00:00,9079.938096709375
2026-02-07 14:00:00+00:00,9079.938096709375
2026-02-07 16:00:00+00:00,9079.938096709375
2026-02-07 18:00:00+00:00,9079.938096709375
2026-02-07 20:00:00+00:00,9079.938096709375
2026-02-07 22:00:00+00:00,9079.938096709375
2026-02-08 00:00:00+00:00,9079.938096709375
2026-02-08 02:00:00+00:00,9079.938096709375
2026-02-08 04:00:00+00:00,9079.938096709375
2026-02-08 06:00:00+00:00,9079.938096709375
2026-02-08 08:00:00+00:00,9079.938096709375
2026-02-08 10:00:00+00:00,9079.938096709375
2026-02-08 12:00:00+00:00,9079.938096709375
2026-02-08 14:00:00+00:00,9079.938096709375
2026-02-08 16:00:00+00:00,9079.938096709375
2026-02-08 18:00:00+00:00,9079.938096709375
2026-02-08 20:00:00+00:00,9079.938096709375
2026-02-08 22:00:00+00:00,9079.938096709375
2026-02-09 00:00:00+00:00,9079.938096709375
2026-02-09 02:00:00+00:00,9079.938096709375
2026-02-09 04:00:00+00:00,9079.938096709375
2026-02-09 06:00:00+00:00,9079.938096709375
2026-02-09 08:00:00+00:00,9078.832022556093
2026-02-09 10:00:00+00:00,9117.02712984121
2026-02-09 12:00:00+00:00,9134.297039653899
2026-02-09 14:00:00+00:00,9081.904583197615
2026-02-09 16:00:00+00:00,9027.446094585823
2026-02-09 18:00:00+00:00,9008.533954085426
2026-02-09 20:00:00+00:00,9037.51137944598
2026-02-09 22:00:00+00:00,9052.556331552738
2026-02-10 00:00:00+00:00,9033.803116602763
2026-02-10 02:00:00+00:00,9085.294994939983
2026-02-10 04:00:00+00:00,9088.367555581504
2026-02-10 06:00:00+00:00,9116.868204290788
2026-02-10 08:00:00+00:00,9104.048209889957
2026-02-10 10:00:00+00:00,9136.680922910253
2026-02-10 12:00:00+00:00,9110.882008558168
2026-02-10 14:00:00+00:00,9096.20788273573
2026-02-10 16:00:00+00:00,9063.04541788069
2026-02-10 18:00:00+00:00,9109.027877136561
2026-02-10 20:00:00+00:00,9130.53580162721
2026-02-10 22:00:00+00:00,9121.000268601798
2026-02-11 00:00:00+00:00,9112.948040713674
2026-02-11 02:00:00+00:00,9155.804964144549
2026-02-11 04:00:00+00:00,9197.125607254662
2026-02-11 06:00:00+00:00,9216.355598855907
2026-02-11 08:00:00+00:00,9224.248901193609
2026-02-11 10:00:00+00:00,9214.713368168197
2026-02-11 12:00:00+00:00,9193.68222032882
2026-02-11 14:00:00+00:00,9244.008644629599
2026-02-11 16:00:00+00:00,9244.008644629599
2026-02-11 18:00:00+00:00,9187.00734721103
2026-02-11 20:00:00+00:00,9175.405782030115
2026-02-11 22:00:00+00:00,9213.283038214386
2026-02-12 00:00:00+00:00,9177.700903705472
2026-02-12 02:00:00+00:00,9177.700903705472
2026-02-12 04:00:00+00:00,9177.700903705472
2026-02-12 06:00:00+00:00,9177.700903705472
2026-02-12 08:00:00+00:00,9177.700903705472
2026-02-12 10:00:00+00:00,9177.700903705472
2026-02-12 12:00:00+00:00,9177.700903705472
2026-02-12 14:00:00+00:00,9177.700903705472
2026-02-12 16:00:00+00:00,9176.59047533727
2026-02-12 18:00:00+00:00,9154.00077039511
2026-02-12 20:00:00+00:00,9151.283211905828
2026-02-12 22:00:00+00:00,9127.561190926464
2026-02-13 00:00:00+00:00,9117.313730789796
2026-02-13 02:00:00+00:00,9112.048461216811
2026-02-13 04:00:00+00:00,9133.44923431991
2026-02-13 06:00:00+00:00,9131.46768125481
2026-02-13 08:00:00+00:00,9085.224783190555
2026-02-13 10:00:00+00:00,9085.224783190555
2026-02-13 12:00:00+00:00,9085.224783190555
2026-02-13 14:00:00+00:00,9085.224783190555
2026-02-13 16:00:00+00:00,9085.224783190555
2026-02-13 18:00:00+00:00,9085.224783190555
2026-02-13 20:00:00+00:00,9085.224783190555
2026-02-13 22:00:00+00:00,9085.224783190555
2026-02-14 00:00:00+00:00,9085.224783190555
2026-02-14 02:00:00+00:00,9085.224783190555
2026-02-14 04:00:00+00:00,9085.224783190555
2026-02-14 06:00:00+00:00,9085.224783190555
2026-02-14 08:00:00+00:00,9085.224783190555
2026-02-14 10:00:00+00:00,9085.224783190555
2026-02-14 12:00:00+00:00,9085.224783190555
2026-02-14 14:00:00+00:00,9085.224783190555
2026-02-14 16:00:00+00:00,9085.224783190555
2026-02-14 18:00:00+00:00,9085.224783190555
2026-02-14 20:00:00+00:00,9085.224783190555
2026-02-14 22:00:00+00:00,9085.224783190555
2026-02-15 00:00:00+00:00,9085.224783190555
2026-02-15 02:00:00+00:00,9085.224783190555
2026-02-15 04:00:00+00:00,9085.224783190555
2026-02-15 06:00:00+00:00,9085.224783190555
2026-02-15 08:00:00+00:00,9085.224783190555
2026-02-15 10:00:00+00:00,9085.224783190555
2026-02-15 12:00:00+00:00,9083.534730942725
2026-02-15 14:00:00+00:00,9070.616280065993
2026-02-15 16:00:00+00:00,9107.245811665838
2026-02-15 18:00:00+00:00,9135.617346186255
2026-02-15 20:00:00+00:00,9090.402768117696
2026-02-15 22:00:00+00:00,9091.956252716796
2026-02-16 00:00:00+00:00,9108.308722181013
2026-02-16 02:00:00+00:00,9125.397052771119
2026-02-16 04:00:00+00:00,9127.76816084343
2026-02-16 06:00:00+00:00,9111.824503115819
2026-02-16 08:00:00+00:00,9078.547227756138
2026-02-16 10:00:00+00:00,9092.855638537329
2026-02-16 12:00:00+00:00,9127.522873801467
2026-02-16 14:00:00+00:00,9197.593205455636
2026-02-16 16:00:00+00:00,9163.90711835935
2026-02-16 18:00:00+00:00,9166.93232521023
2026-02-16 20:00:00+00:00,9089.094570560557
2026-02-16 22:00:00+00:00,9086.069363709677
2026-02-17 00:00:00+00:00,9109.61691973815
2026-02-17 02:00:00+00:00,9115.179379636429
2026-02-17 04:00:00+00:00,9113.543698945015
2026-02-17 06:00:00+00:00,9101.793119265325
2026-02-17 08:00:00+00:00,9123.056072971433
2026-02-17 10:00:00+00:00,9144.478898509917
2026-02-17 12:00:00+00:00,9121.697162396229
2026-02-17 14:00:00+00:00,9181.569163621321
2026-02-17 16:00:00+00:00,9191.880896809622
2026-02-17 18:00:00+00:00,9148.7155020679
2026-02-17 20:00:00+00:00,9157.428516932434
2026-02-17 22:00:00+00:00,9171.737045930153
2026-02-18 00:00:00+00:00,9198.755385601822
2026-02-18 02:00:00+00:00,9161.585184574229
2026-02-18 04:00:00+00:00,9160.865761328534
2026-02-18 06:00:00+00:00,9118.008047065243
2026-02-18 08:00:00+00:00,9118.008047065243
2026-02-18 10:00:00+00:00,9118.008047065243
2026-02-18 12:00:00+00:00,9118.008047065243
2026-02-18 14:00:00+00:00,9118.008047065243
2026-02-18 16:00:00+00:00,9116.522507650712
2026-02-18 18:00:00+00:00,9194.131220416277
2026-02-18 20:00:00+00:00,9181.170565384427
2026-02-18 22:00:00+00:00,9170.926215299372
2026-02-19 00:00:00+00:00,9139.960338905912
2026-02-19 02:00:00+00:00,9130.802510799576
2026-02-19 04:00:00+00:00,9139.184251778257
2026-02-19 06:00:00+00:00,9106.472146541057
2026-02-19 08:00:00+00:00,9106.472146541057
2026-02-19 10:00:00+00:00,9106.472146541057
2026-02-19 12:00:00+00:00,9104.212275439433
2026-02-19 14:00:00+00:00,9060.507388966309
2026-02-19 16:00:00+00:00,9062.879679255038
2026-02-19 18:00:00+00:00,8993.168698438669
2026-02-19 20:00:00+00:00,8993.168698438669
2026-02-19 22:00:00+00:00,8993.168698438669
2026-02-20 00:00:00+00:00,8993.168698438669
2026-02-20 02:00:00+00:00,8993.168698438669
2026-02-20 04:00:00+00:00,8993.168698438669
2026-02-20 06:00:00+00:00,8993.168698438669
2026-02-20 08:00:00+00:00,8993.168698438669
2026-02-20 10:00:00+00:00,8993.168698438669
2026-02-20 12:00:00+00:00,8993.168698438669
2026-02-20 14:00:00+00:00,8993.168698438669
2026-02-20 16:00:00+00:00,8993.168698438669
2026-02-20 18:00:00+00:00,8993.168698438669
2026-02-20 20:00:00+00:00,8993.168698438669
2026-02-20 22:00:00+00:00,8993.168698438669
2026-02-21 00:00:00+00:00,8993.168698438669
2026-02-21 02:00:00+00:00,8993.168698438669
2026-02-21 04:00:00+00:00,8993.168698438669
2026-02-21 06:00:00+00:00,8993.168698438669
2026-02-21 08:00:00+00:00,8993.168698438669
2026-02-21 10:00:00+00:00,8993.168698438669
2026-02-21 12:00:00+00:00,8993.168698438669
2026-02-21 14:00:00+00:00,8993.168698438669
2026-02-21 16:00:00+00:00,8993.168698438669
2026-02-21 18:00:00+00:00,8993.168698438669
2026-02-21 20:00:00+00:00,8993.168698438669
2026-02-21 22:00:00+00:00,8993.168698438669
2026-02-22 00:00:00+00:00,8993.168698438669
2026-02-22 02:00:00+00:00,8993.168698438669
2026-02-22 04:00:00+00:00,8993.168698438669
2026-02-22 06:00:00+00:00,8993.168698438669
2026-02-22 08:00:00+00:00,8993.168698438669
2026-02-22 10:00:00+00:00,8993.168698438669
2026-02-22 12:00:00+00:00,8993.168698438669
2026-02-22 14:00:00+00:00,8993.168698438669
2026-02-22 16:00:00+00:00,8993.168698438669
2026-02-22 18:00:00+00:00,8993.168698438669
2026-02-22 20:00:00+00:00,8993.168698438669
2026-02-22 22:00:00+00:00,8993.168698438669
2026-02-23 00:00:00+00:00,8993.168698438669
2026-02-23 02:00:00+00:00,8993.168698438669
2026-02-23 04:00:00+00:00,8993.168698438669
2026-02-23 06:00:00+00:00,8993.168698438669
2026-02-23 08:00:00+00:00,8993.168698438669
2026-02-23 10:00:00+00:00,8993.168698438669
2026-02-23 12:00:00+00:00,8993.168698438669
2026-02-23 14:00:00+00:00,8993.168698438669
2026-02-23 16:00:00+00:00,8993.168698438669
2026-02-23 18:00:00+00:00,8993.168698438669
2026-02-23 20:00:00+00:00,8993.168698438669
2026-02-23 22:00:00+00:00,8993.168698438669
2026-02-24 00:00:00+00:00,8993.168698438669
2026-02-24 02:00:00+00:00,8993.168698438669
2026-02-24 04:00:00+00:00,8993.168698438669
2026-02-24 06:00:00+00:00,8993.168698438669
2026-02-24 08:00:00+00:00,8993.168698438669
2026-02-24 10:00:00+00:00,8993.168698438669
2026-02-24 12:00:00+00:00,8993.168698438669
2026-02-24 14:00:00+00:00,8993.168698438669
2026-02-24 16:00:00+00:00,8993.168698438669
2026-02-24 18:00:00+00:00,8993.168698438669
2026-02-24 20:00:00+00:00,8993.168698438669
2026-02-24 22:00:00+00:00,8993.168698438669
2026-02-25 00:00:00+00:00,8993.168698438669
2026-02-25 02:00:00+00:00,8993.168698438669
2026-02-25 04:00:00+00:00,8993.168698438669
2026-02-25 06:00:00+00:00,8993.168698438669
2026-02-25 08:00:00+00:00,8993.168698438669
2026-02-25 10:00:00+00:00,8993.168698438669
2026-02-25 12:00:00+00:00,8993.168698438669
2026-02-25 14:00:00+00:00,8993.168698438669
2026-02-25 16:00:00+00:00,8993.168698438669
2026-02-25 18:00:00+00:00,8993.168698438669
2026-02-25 20:00:00+00:00,8993.168698438669
2026-02-25 22:00:00+00:00,8993.168698438669
2026-02-26 00:00:00+00:00,8993.168698438669
2026-02-26 02:00:00+00:00,8993.168698438669
2026-02-26 04:00:00+00:00,8993.168698438669
2026-02-26 06:00:00+00:00,8993.168698438669
2026-02-26 08:00:00+00:00,8993.168698438669
2026-02-26 10:00:00+00:00,8993.168698438669
2026-02-26 12:00:00+00:00,8993.168698438669
2026-02-26 14:00:00+00:00,8993.168698438669
2026-02-26 16:00:00+00:00,8993.168698438669
2026-02-26 18:00:00+00:00,8993.168698438669
2026-02-26 20:00:00+00:00,8993.168698438669
2026-02-26 22:00:00+00:00,8993.168698438669
2026-02-27 00:00:00+00:00,8993.168698438669
2026-02-27 02:00:00+00:00,8993.168698438669
2026-02-27 04:00:00+00:00,8993.168698438669
2026-02-27 06:00:00+00:00,8993.168698438669
2026-02-27 08:00:00+00:00,8993.168698438669
2026-02-27 10:00:00+00:00,8993.168698438669
2026-02-27 12:00:00+00:00,8993.168698438669
2026-02-27 14:00:00+00:00,8993.168698438669
2026-02-27 16:00:00+00:00,8993.168698438669
2026-02-27 18:00:00+00:00,8993.168698438669
2026-02-27 20:00:00+00:00,8993.168698438669
2026-02-27 22:00:00+00:00,8993.168698438669
2026-02-28 00:00:00+00:00,8993.168698438669
2026-02-28 02:00:00+00:00,8993.168698438669
2026-02-28 04:00:00+00:00,8993.168698438669
2026-02-28 06:00:00+00:00,8993.168698438669
2026-02-28 08:00:00+00:00,8993.168698438669
2026-02-28 10:00:00+00:00,8993.168698438669
2026-02-28 12:00:00+00:00,8993.168698438669
2026-02-28 14:00:00+00:00,8993.168698438669
2026-02-28 16:00:00+00:00,8993.168698438669
2026-02-28 18:00:00+00:00,8991.955245906354
2026-02-28 20:00:00+00:00,9014.750623547417
2026-02-28 22:00:00+00:00,9030.803706393239
2026-03-01 00:00:00+00:00,9055.5254539758
2026-03-01 02:00:00+00:00,9065.992063991276
2026-03-01 04:00:00+00:00,9052.57168673217
2026-03-01 06:00:00+00:00,9042.490350704995
2026-03-01 08:00:00+00:00,8994.652163824452
2026-03-01 10:00:00+00:00,8998.633328370215
2026-03-01 12:00:00+00:00,9029.06997344589
2026-03-01 14:00:00+00:00,9022.135041656495
2026-03-01 16:00:00+00:00,8967.81140930624
2026-03-01 18:00:00+00:00,8959.212438017701
2026-03-01 20:00:00+00:00,8977.944768912088
2026-03-01 22:00:00+00:00,8971.040018957843
2026-03-02 00:00:00+00:00,8922.32317205845
2026-03-02 02:00:00+00:00,8896.973836840965
2026-03-02 04:00:00+00:00,8891.663661792034
2026-03-02 06:00:00+00:00,8842.77777554613
2026-03-02 08:00:00+00:00,8832.975354073356
2026-03-02 10:00:00+00:00,8820.587017733533
2026-03-02 12:00:00+00:00,8876.093981042552
2026-03-02 14:00:00+00:00,8659.04848881205
2026-03-02 16:00:00+00:00,8662.233239695885
2026-03-02 18:00:00+00:00,8650.507565987224
2026-03-02 20:00:00+00:00,8672.270030360087
2026-03-02 22:00:00+00:00,8643.655526206856
2026-03-03 00:00:00+00:00,8640.856805733183
2026-03-03 02:00:00+00:00,8622.086077039074
2026-03-03 04:00:00+00:00,8602.398526120829
2026-03-03 06:00:00+00:00,8613.448646611707
2026-03-03 08:00:00+00:00,8536.10263525019
2026-03-03 10:00:00+00:00,8516.086226781428
2026-03-03 12:00:00+00:00,8521.23950267447
2026-03-03 14:00:00+00:00,8479.25386539853
2026-03-03 16:00:00+00:00,8447.195064842872
2026-03-03 18:00:00+00:00,8441.282358818224
2026-03-03 20:00:00+00:00,8463.034607587799
2026-03-03 22:00:00+00:00,8446.272899683063
2026-03-04 00:00:00+00:00,8441.336603827624
2026-03-04 02:00:00+00:00,8479.036885360929
2026-03-04 04:00:00+00:00,8452.945035839317
2026-03-04 06:00:00+00:00,8377.592483783297
2026-03-04 08:00:00+00:00,8478.903030756992
2026-03-04 10:00:00+00:00,8458.802937229477
2026-03-04 12:00:00+00:00,8477.23224212624
2026-03-04 14:00:00+00:00,8573.58105316619
2026-03-04 16:00:00+00:00,8564.467660634822
2026-03-04 18:00:00+00:00,8584.618384120844
2026-03-04 20:00:00+00:00,8568.821837066476
2026-03-04 22:00:00+00:00,8537.583152667292
2026-03-05 00:00:00+00:00,8530.596218393242
2026-03-05 02:00:00+00:00,8528.368500218909
2026-03-05 04:00:00+00:00,8523.91306387024
2026-03-05 06:00:00+00:00,8506.749507936167
2026-03-05 08:00:00+00:00,8530.253827341057
2026-03-05 10:00:00+00:00,8530.253827341057
2026-03-05 12:00:00+00:00,8530.253827341057
2026-03-05 14:00:00+00:00,8530.253827341057
2026-03-05 16:00:00+00:00,8530.253827341057
2026-03-05 18:00:00+00:00,8530.253827341057
2026-03-05 20:00:00+00:00,8530.253827341057
2026-03-05 22:00:00+00:00,8530.253827341057
2026-03-06 00:00:00+00:00,8530.253827341057
2026-03-06 02:00:00+00:00,8530.253827341057
2026-03-06 04:00:00+00:00,8530.253827341057
2026-03-06 06:00:00+00:00,8530.253827341057
2026-03-06 08:00:00+00:00,8530.253827341057
2026-03-06 10:00:00+00:00,8530.253827341057
2026-03-06 12:00:00+00:00,8530.253827341057
2026-03-06 14:00:00+00:00,8530.253827341057
2026-03-06 16:00:00+00:00,8530.253827341057
2026-03-06 18:00:00+00:00,8530.253827341057
2026-03-06 20:00:00+00:00,8530.253827341057
2026-03-06 22:00:00+00:00,8530.253827341057
2026-03-07 00:00:00+00:00,8530.253827341057
2026-03-07 02:00:00+00:00,8530.253827341057
2026-03-07 04:00:00+00:00,8530.253827341057
2026-03-07 06:00:00+00:00,8530.253827341057
2026-03-07 08:00:00+00:00,8530.253827341057
2026-03-07 10:00:00+00:00,8530.253827341057
2026-03-07 12:00:00+00:00,8530.253827341057
2026-03-07 14:00:00+00:00,8530.253827341057
2026-03-07 16:00:00+00:00,8530.253827341057
2026-03-07 18:00:00+00:00,8530.253827341057
2026-03-07 20:00:00+00:00,8530.253827341057
2026-03-07 22:00:00+00:00,8530.253827341057
2026-03-08 00:00:00+00:00,8530.253827341057
2026-03-08 02:00:00+00:00,8530.253827341057
2026-03-08 04:00:00+00:00,8530.253827341057
2026-03-08 06:00:00+00:00,8530.253827341057
2026-03-08 08:00:00+00:00,8530.253827341057
2026-03-08 10:00:00+00:00,8530.253827341057
2026-03-08 12:00:00+00:00,8530.253827341057
2026-03-08 14:00:00+00:00,8530.253827341057
2026-03-08 16:00:00+00:00,8530.253827341057
2026-03-08 18:00:00+00:00,8530.253827341057
2026-03-08 20:00:00+00:00,8530.253827341057
2026-03-08 22:00:00+00:00,8530.253827341057
2026-03-09 00:00:00+00:00,8528.728335563359
2026-03-09 02:00:00+00:00,8442.326216126723
2026-03-09 04:00:00+00:00,8442.326216126723
2026-03-09 06:00:00+00:00,8442.326216126723
2026-03-09 08:00:00+00:00,8442.326216126723
2026-03-09 10:00:00+00:00,8442.326216126723
2026-03-09 12:00:00+00:00,8442.326216126723
2026-03-09 14:00:00+00:00,8442.326216126723
2026-03-09 16:00:00+00:00,8442.326216126723
2026-03-09 18:00:00+00:00,8442.326216126723
2026-03-09 20:00:00+00:00,8442.326216126723
2026-03-09 22:00:00+00:00,8442.326216126723
2026-03-10 00:00:00+00:00,8442.326216126723
2026-03-10 02:00:00+00:00,8442.326216126723
2026-03-10 04:00:00+00:00,8442.326216126723
2026-03-10 06:00:00+00:00,8442.326216126723
2026-03-10 08:00:00+00:00,8442.326216126723
2026-03-10 10:00:00+00:00,8442.326216126723
2026-03-10 12:00:00+00:00,8442.326216126723
2026-03-10 14:00:00+00:00,8442.326216126723
2026-03-10 16:00:00+00:00,8442.326216126723
2026-03-10 18:00:00+00:00,8442.326216126723
2026-03-10 20:00:00+00:00,8442.326216126723
2026-03-10 22:00:00+00:00,8442.326216126723
2026-03-11 00:00:00+00:00,8442.326216126723
2026-03-11 02:00:00+00:00,8442.326216126723
2026-03-11 04:00:00+00:00,8442.326216126723
2026-03-11 06:00:00+00:00,8442.326216126723
2026-03-11 08:00:00+00:00,8442.326216126723
2026-03-11 10:00:00+00:00,8442.326216126723
2026-03-11 12:00:00+00:00,8442.326216126723
2026-03-11 14:00:00+00:00,8442.326216126723
2026-03-11 16:00:00+00:00,8442.326216126723
2026-03-11 18:00:00+00:00,8441.118130451992
2026-03-11 20:00:00+00:00,8447.88323302072
2026-03-11 22:00:00+00:00,8408.665136807169
2026-03-12 00:00:00+00:00,8408.665136807169
2026-03-12 02:00:00+00:00,8408.665136807169
2026-03-12 04:00:00+00:00,8408.665136807169
2026-03-12 06:00:00+00:00,8408.665136807169
2026-03-12 08:00:00+00:00,8408.665136807169
2026-03-12 10:00:00+00:00,8408.665136807169
2026-03-12 12:00:00+00:00,8408.665136807169
2026-03-12 14:00:00+00:00,8408.665136807169
2026-03-12 16:00:00+00:00,8408.665136807169
2026-03-12 18:00:00+00:00,8408.665136807169
2026-03-12 20:00:00+00:00,8408.665136807169
2026-03-12 22:00:00+00:00,8407.195144675497
2026-03-13 00:00:00+00:00,8486.428763120259
2026-03-13 02:00:00+00:00,8468.07992516463
2026-03-13 04:00:00+00:00,8478.088382231337
2026-03-13 06:00:00+00:00,8483.509629809138
2026-03-13 08:00:00+00:00,8510.893880394431
2026-03-13 10:00:00+00:00,8525.489546950046
2026-03-13 12:00:00+00:00,8605.279190787403
2026-03-13 14:00:00+00:00,8497.61877414623
2026-03-13 16:00:00+00:00,8442.224744408972
2026-03-13 18:00:00+00:00,8444.304926401479
2026-03-13 20:00:00+00:00,8444.304926401479
2026-03-13 22:00:00+00:00,8444.304926401479
2026-03-14 00:00:00+00:00,8444.304926401479
2026-03-14 02:00:00+00:00,8444.304926401479
2026-03-14 04:00:00+00:00,8444.304926401479
2026-03-14 06:00:00+00:00,8444.304926401479
2026-03-14 08:00:00+00:00,8444.304926401479
2026-03-14 10:00:00+00:00,8444.304926401479
2026-03-14 12:00:00+00:00,8444.304926401479
2026-03-14 14:00:00+00:00,8444.304926401479
2026-03-14 16:00:00+00:00,8444.304926401479
2026-03-14 18:00:00+00:00,8444.304926401479
2026-03-14 20:00:00+00:00,8444.304926401479
2026-03-14 22:00:00+00:00,8444.304926401479
2026-03-15 00:00:00+00:00,8444.304926401479
2026-03-15 02:00:00+00:00,8444.304926401479
2026-03-15 04:00:00+00:00,8442.15358219721
2026-03-15 06:00:00+00:00,8437.838631300308
2026-03-15 08:00:00+00:00,8471.45510921803
2026-03-15 10:00:00+00:00,8476.873884762976
2026-03-15 12:00:00+00:00,8452.991133287103
2026-03-15 14:00:00+00:00,8440.246975986951
2026-03-15 16:00:00+00:00,8473.96380159995
2026-03-15 18:00:00+00:00,8447.47201004688
2026-03-15 20:00:00+00:00,8503.26532862077
2026-03-15 22:00:00+00:00,8574.110801486177
2026-03-16 00:00:00+00:00,8568.99306902706
2026-03-16 02:00:00+00:00,8650.074006810699
2026-03-16 04:00:00+00:00,8713.393402530346
2026-03-16 06:00:00+00:00,8637.831587986931
2026-03-16 08:00:00+00:00,8619.066568970173
2026-03-16 10:00:00+00:00,8648.46844368627
2026-03-16 12:00:00+00:00,8704.161414564884
2026-03-16 14:00:00+00:00,8619.969698227664
2026-03-16 16:00:00+00:00,8687.202654063107
2026-03-16 18:00:00+00:00,8689.711346445027
2026-03-16 20:00:00+00:00,8732.660160023488
2026-03-16 22:00:00+00:00,8782.432616880771
2026-03-17 00:00:00+00:00,8855.786782128098
2026-03-17 02:00:00+00:00,8739.48380330231
2026-03-17 04:00:00+00:00,8696.635337419124
2026-03-17 06:00:00+00:00,8708.168702883851
2026-03-17 08:00:00+00:00,8708.168702883851
2026-03-17 10:00:00+00:00,8708.168702883851
2026-03-17 12:00:00+00:00,8708.168702883851
2026-03-17 14:00:00+00:00,8708.168702883851
2026-03-17 16:00:00+00:00,8708.168702883851
2026-03-17 18:00:00+00:00,8708.168702883851
2026-03-17 20:00:00+00:00,8708.168702883851
2026-03-17 22:00:00+00:00,8708.168702883851
2026-03-18 00:00:00+00:00,8708.168702883851
2026-03-18 02:00:00+00:00,8708.168702883851
2026-03-18 04:00:00+00:00,8708.168702883851
2026-03-18 06:00:00+00:00,8708.168702883851
2026-03-18 08:00:00+00:00,8708.168702883851
2026-03-18 10:00:00+00:00,8708.168702883851
2026-03-18 12:00:00+00:00,8708.168702883851
2026-03-18 14:00:00+00:00,8708.168702883851
2026-03-18 16:00:00+00:00,8708.168702883851
2026-03-18 18:00:00+00:00,8708.168702883851
2026-03-18 20:00:00+00:00,8708.168702883851
2026-03-18 22:00:00+00:00,8708.168702883851
2026-03-19 00:00:00+00:00,8708.168702883851
2026-03-19 02:00:00+00:00,8708.168702883851
2026-03-19 04:00:00+00:00,8708.168702883851
2026-03-19 06:00:00+00:00,8708.168702883851
2026-03-19 08:00:00+00:00,8708.168702883851
2026-03-19 10:00:00+00:00,8708.168702883851
2026-03-19 12:00:00+00:00,8708.168702883851
2026-03-19 14:00:00+00:00,8708.168702883851
2026-03-19 16:00:00+00:00,8708.168702883851
2026-03-19 18:00:00+00:00,8708.168702883851
2026-03-19 20:00:00+00:00,8708.168702883851
2026-03-19 22:00:00+00:00,8708.168702883851
2026-03-20 00:00:00+00:00,8708.168702883851
2026-03-20 02:00:00+00:00,8708.168702883851
2026-03-20 04:00:00+00:00,8708.168702883851
2026-03-20 06:00:00+00:00,8708.168702883851
2026-03-20 08:00:00+00:00,8708.168702883851
2026-03-20 10:00:00+00:00,8708.168702883851
2026-03-20 12:00:00+00:00,8708.168702883851
2026-03-20 14:00:00+00:00,8708.168702883851
2026-03-20 16:00:00+00:00,8708.168702883851
2026-03-20 18:00:00+00:00,8708.168702883851
2026-03-20 20:00:00+00:00,8708.168702883851
2026-03-20 22:00:00+00:00,8708.168702883851
2026-03-21 00:00:00+00:00,8708.168702883851
2026-03-21 02:00:00+00:00,8708.168702883851
2026-03-21 04:00:00+00:00,8708.168702883851
2026-03-21 06:00:00+00:00,8708.168702883851
2026-03-21 08:00:00+00:00,8708.168702883851
2026-03-21 10:00:00+00:00,8708.168702883851
2026-03-21 12:00:00+00:00,8708.168702883851
2026-03-21 14:00:00+00:00,8708.168702883851
2026-03-21 16:00:00+00:00,8708.168702883851
2026-03-21 18:00:00+00:00,8708.168702883851
2026-03-21 20:00:00+00:00,8708.168702883851
2026-03-21 22:00:00+00:00,8706.29128684116
2026-03-22 00:00:00+00:00,8701.421701682748
2026-03-22 02:00:00+00:00,8665.615928459123
2026-03-22 04:00:00+00:00,8683.66203816383
2026-03-22 06:00:00+00:00,8706.29128684116
2026-03-22 08:00:00+00:00,8714.120815919392
2026-03-22 10:00:00+00:00,8773.319694315784
2026-03-22 12:00:00+00:00,8726.724448094108
2026-03-22 14:00:00+00:00,8712.879549114306
2026-03-22 16:00:00+00:00,8729.30246376621
2026-03-22 18:00:00+00:00,8774.46547905894
2026-03-22 20:00:00+00:00,8802.72816939012
2026-03-22 22:00:00+00:00,8805.8790774338
2026-03-23 00:00:00+00:00,8800.34111784188
2026-03-23 02:00:00+00:00,8785.63688030471
2026-03-23 04:00:00+00:00,8696.932016819097
2026-03-23 06:00:00+00:00,8696.932016819097
2026-03-23 08:00:00+00:00,8696.932016819097
2026-03-23 10:00:00+00:00,8696.932016819097
2026-03-23 12:00:00+00:00,8696.932016819097
2026-03-23 14:00:00+00:00,8696.932016819097
2026-03-23 16:00:00+00:00,8696.932016819097
2026-03-23 18:00:00+00:00,8696.932016819097
2026-03-23 20:00:00+00:00,8696.932016819097
2026-03-23 22:00:00+00:00,8696.932016819097
2026-03-24 00:00:00+00:00,8696.932016819097
2026-03-24 02:00:00+00:00,8696.932016819097
2026-03-24 04:00:00+00:00,8696.932016819097
2026-03-24 06:00:00+00:00,8696.932016819097
2026-03-24 08:00:00+00:00,8696.932016819097
2026-03-24 10:00:00+00:00,8696.932016819097
2026-03-24 12:00:00+00:00,8696.932016819097
2026-03-24 14:00:00+00:00,8695.456114479744
2026-03-24 16:00:00+00:00,8737.142952790851
2026-03-24 18:00:00+00:00,8729.209006144543
2026-03-24 20:00:00+00:00,8663.45138055057
2026-03-24 22:00:00+00:00,8647.314539914014
2026-03-25 00:00:00+00:00,8640.456382643477
2026-03-25 02:00:00+00:00,8638.035856547993
2026-03-25 04:00:00+00:00,8604.320131815639
2026-03-25 06:00:00+00:00,8590.44471009503
2026-03-25 08:00:00+00:00,8619.626009383735
2026-03-25 10:00:00+00:00,8644.515941129985
2026-03-25 12:00:00+00:00,8637.721275854428
2026-03-25 14:00:00+00:00,8584.29374995084
2026-03-25 16:00:00+00:00,8579.215631692268
2026-03-25 18:00:00+00:00,8579.697567187714
2026-03-25 20:00:00+00:00,8579.697567187714
2026-03-25 22:00:00+00:00,8579.697567187714
2026-03-26 00:00:00+00:00,8579.697567187714
2026-03-26 02:00:00+00:00,8579.697567187714
2026-03-26 04:00:00+00:00,8579.697567187714
2026-03-26 06:00:00+00:00,8579.697567187714
2026-03-26 08:00:00+00:00,8579.697567187714
2026-03-26 10:00:00+00:00,8579.697567187714
2026-03-26 12:00:00+00:00,8579.697567187714
2026-03-26 14:00:00+00:00,8579.697567187714
2026-03-26 16:00:00+00:00,8579.697567187714
2026-03-26 18:00:00+00:00,8579.697567187714
2026-03-26 20:00:00+00:00,8579.697567187714
2026-03-26 22:00:00+00:00,8579.697567187714
2026-03-27 00:00:00+00:00,8579.697567187714
2026-03-27 02:00:00+00:00,8579.697567187714
2026-03-27 04:00:00+00:00,8579.697567187714
2026-03-27 06:00:00+00:00,8579.697567187714
2026-03-27 08:00:00+00:00,8579.697567187714
2026-03-27 10:00:00+00:00,8579.697567187714
2026-03-27 12:00:00+00:00,8579.697567187714
2026-03-27 14:00:00+00:00,8579.697567187714
2026-03-27 16:00:00+00:00,8579.697567187714
2026-03-27 18:00:00+00:00,8579.697567187714
2026-03-27 20:00:00+00:00,8579.697567187714
2026-03-27 22:00:00+00:00,8579.697567187714
2026-03-28 00:00:00+00:00,8579.697567187714
2026-03-28 02:00:00+00:00,8579.697567187714
2026-03-28 04:00:00+00:00,8579.697567187714
2026-03-28 06:00:00+00:00,8579.697567187714
2026-03-28 08:00:00+00:00,8579.697567187714
2026-03-28 10:00:00+00:00,8579.697567187714
2026-03-28 12:00:00+00:00,8579.697567187714
2026-03-28 14:00:00+00:00,8579.697567187714
2026-03-28 16:00:00+00:00,8579.697567187714
2026-03-28 18:00:00+00:00,8579.697567187714
2026-03-28 20:00:00+00:00,8579.697567187714
2026-03-28 22:00:00+00:00,8579.697567187714
2026-03-29 00:00:00+00:00,8579.697567187714
2026-03-29 02:00:00+00:00,8579.697567187714
2026-03-29 04:00:00+00:00,8579.697567187714
2026-03-29 06:00:00+00:00,8579.697567187714
2026-03-29 08:00:00+00:00,8579.697567187714
2026-03-29 10:00:00+00:00,8579.697567187714
2026-03-29 12:00:00+00:00,8579.697567187714
2026-03-29 14:00:00+00:00,8579.697567187714
2026-03-29 16:00:00+00:00,8579.697567187714
2026-03-29 18:00:00+00:00,8579.697567187714
2026-03-29 20:00:00+00:00,8579.697567187714
2026-03-29 22:00:00+00:00,8579.697567187714
2026-03-30 00:00:00+00:00,8579.697567187714
2026-03-30 02:00:00+00:00,8579.697567187714
2026-03-30 04:00:00+00:00,8579.697567187714
2026-03-30 06:00:00+00:00,8579.697567187714
2026-03-30 08:00:00+00:00,8579.697567187714
2026-03-30 10:00:00+00:00,8579.697567187714
2026-03-30 12:00:00+00:00,8579.697567187714
2026-03-30 14:00:00+00:00,8579.697567187714
2026-03-30 16:00:00+00:00,8579.697567187714
2026-03-30 18:00:00+00:00,8579.697567187714
2026-03-30 20:00:00+00:00,8579.697567187714
2026-03-30 22:00:00+00:00,8577.911313658926
2026-03-31 00:00:00+00:00,8466.990609844903
2026-03-31 02:00:00+00:00,8448.501129291857
2026-03-31 04:00:00+00:00,8446.567083208904
2026-03-31 06:00:00+00:00,8423.126444683494
2026-03-31 08:00:00+00:00,8317.496756067636
2026-03-31 10:00:00+00:00,8274.947787632867
2026-03-31 12:00:00+00:00,8229.354303132084
2026-03-31 14:00:00+00:00,8272.051784545683
2026-03-31 16:00:00+00:00,8144.036664724112
2026-03-31 18:00:00+00:00,8142.740744755993
2026-03-31 20:00:00+00:00,8170.645751222586
2026-03-31 22:00:00+00:00,8170.836881403864
2026-04-01 00:00:00+00:00,8138.981851190858
2026-04-01 02:00:00+00:00,8163.956194877855
2026-04-01 04:00:00+00:00,8182.686952643103
2026-04-01 06:00:00+00:00,8196.894296118104
2026-04-01 08:00:00+00:00,8194.409603761489
2026-04-01 10:00:00+00:00,8198.295917447476
2026-04-01 12:00:00+00:00,8160.069881191868
2026-04-01 14:00:00+00:00,8211.229059713956
2026-04-01 16:00:00+00:00,8169.817520437048
2026-04-01 18:00:00+00:00,8164.019904938281
2026-04-01 20:00:00+00:00,8171.110251298998
2026-04-01 22:00:00+00:00,8171.110251298998
2026-04-02 00:00:00+00:00,8171.110251298998
2026-04-02 02:00:00+00:00,8171.110251298998
2026-04-02 04:00:00+00:00,8171.110251298998
2026-04-02 06:00:00+00:00,8171.110251298998
2026-04-02 08:00:00+00:00,8171.110251298998
2026-04-02 10:00:00+00:00,8171.110251298998
2026-04-02 12:00:00+00:00,8171.110251298998
2026-04-02 14:00:00+00:00,8171.110251298998
2026-04-02 16:00:00+00:00,8171.110251298998
2026-04-02 18:00:00+00:00,8171.110251298998
2026-04-02 20:00:00+00:00,8171.110251298998
2026-04-02 22:00:00+00:00,8171.110251298998
2026-04-03 00:00:00+00:00,8171.110251298998
2026-04-03 02:00:00+00:00,8171.110251298998
2026-04-03 04:00:00+00:00,8171.110251298998
2026-04-03 06:00:00+00:00,8171.110251298998
2026-04-03 08:00:00+00:00,8171.110251298998
2026-04-03 10:00:00+00:00,8171.110251298998
2026-04-03 12:00:00+00:00,8171.110251298998
2026-04-03 14:00:00+00:00,8171.110251298998
2026-04-03 16:00:00+00:00,8171.110251298998
2026-04-03 18:00:00+00:00,8171.110251298998
2026-04-03 20:00:00+00:00,8171.110251298998
2026-04-03 22:00:00+00:00,8171.110251298998
2026-04-04 00:00:00+00:00,8171.110251298998
2026-04-04 02:00:00+00:00,8171.110251298998
2026-04-04 04:00:00+00:00,8171.110251298998
2026-04-04 06:00:00+00:00,8171.110251298998
2026-04-04 08:00:00+00:00,8171.110251298998
2026-04-04 10:00:00+00:00,8171.110251298998
2026-04-04 12:00:00+00:00,8171.110251298998
2026-04-04 14:00:00+00:00,8171.110251298998
2026-04-04 16:00:00+00:00,8171.110251298998
2026-04-04 18:00:00+00:00,8171.110251298998
2026-04-04 20:00:00+00:00,8171.110251298998
2026-04-04 22:00:00+00:00,8171.110251298998
2026-04-05 00:00:00+00:00,8171.110251298998
2026-04-05 02:00:00+00:00,8171.110251298998
2026-04-05 04:00:00+00:00,8171.110251298998
2026-04-05 06:00:00+00:00,8167.817031009433
2026-04-05 08:00:00+00:00,8132.140888887941
2026-04-05 10:00:00+00:00,8137.730699174258
2026-04-05 12:00:00+00:00,8154.171317663425
2026-04-05 14:00:00+00:00,7987.195916431365
2026-04-05 16:00:00+00:00,7984.3381783675395
2026-04-05 18:00:00+00:00,7982.403211241675
2026-04-05 20:00:00+00:00,8008.897376503507
2026-04-05 22:00:00+00:00,8230.674377852545
2026-04-06 00:00:00+00:00,8199.566060213654
2026-04-06 02:00:00+00:00,8245.112209483992
2026-04-06 04:00:00+00:00,8257.168543114376
2026-04-06 06:00:00+00:00,8244.665678608793
2026-04-06 08:00:00+00:00,8335.906820774539
2026-04-06 10:00:00+00:00,8319.534022017227
2026-04-06 12:00:00+00:00,8292.295638630063
2026-04-06 14:00:00+00:00,8370.289698164892
2026-04-06 16:00:00+00:00,8311.198779013504
2026-04-06 18:00:00+00:00,8337.54410065027
2026-04-06 20:00:00+00:00,8302.268161509517
2026-04-06 22:00:00+00:00,8205.370961591245
2026-04-07 00:00:00+00:00,8126.590727886478
2026-04-07 02:00:00+00:00,8126.590727886478
2026-04-07 04:00:00+00:00,8126.590727886478
2026-04-07 06:00:00+00:00,8126.590727886478
2026-04-07 08:00:00+00:00,8126.590727886478
2026-04-07 10:00:00+00:00,8126.590727886478
2026-04-07 12:00:00+00:00,8126.590727886478
2026-04-07 14:00:00+00:00,8126.590727886478
2026-04-07 16:00:00+00:00,8126.590727886478
2026-04-07 18:00:00+00:00,8126.590727886478
2026-04-07 20:00:00+00:00,8126.590727886478
2026-04-07 22:00:00+00:00,8125.152551720019
2026-04-08 00:00:00+00:00,8095.785116712147
2026-04-08 02:00:00+00:00,8084.636958086599
2026-04-08 04:00:00+00:00,8113.048836640853
2026-04-08 06:00:00+00:00,8106.742164046971
2026-04-08 08:00:00+00:00,8109.290314589954
2026-04-08 10:00:00+00:00,8108.4621656634845
2026-04-08 12:00:00+00:00,8103.620679631817
2026-04-08 14:00:00+00:00,8084.955476904473
2026-04-08 16:00:00+00:00,8121.26662214197
2026-04-08 18:00:00+00:00,8084.955476904473
2026-04-08 20:00:00+00:00,8099.479934999472
2026-04-08 22:00:00+00:00,8062.3408126779605
2026-04-09 00:00:00+00:00,8062.3408126779605
2026-04-09 02:00:00+00:00,8062.3408126779605
2026-04-09 04:00:00+00:00,8062.3408126779605
2026-04-09 06:00:00+00:00,8062.3408126779605
2026-04-09 08:00:00+00:00,8062.3408126779605
2026-04-09 10:00:00+00:00,8062.3408126779605
2026-04-09 12:00:00+00:00,8062.3408126779605
2026-04-09 14:00:00+00:00,8062.3408126779605
2026-04-09 16:00:00+00:00,8062.3408126779605
2026-04-09 18:00:00+00:00,8060.862279840178
2026-04-09 20:00:00+00:00,8073.409840414926
2026-04-09 22:00:00+00:00,8031.906374100183
2026-04-10 00:00:00+00:00,8031.906374100183
2026-04-10 02:00:00+00:00,8031.906374100183
2026-04-10 04:00:00+00:00,8031.906374100183
2026-04-10 06:00:00+00:00,8031.906374100183
2026-04-10 08:00:00+00:00,8031.906374100183
2026-04-10 10:00:00+00:00,8031.906374100183
2026-04-10 12:00:00+00:00,8031.906374100183
2026-04-10 14:00:00+00:00,8031.906374100183
2026-04-10 16:00:00+00:00,8030.32129429032
2026-04-10 18:00:00+00:00,8038.561670892659
2026-04-10 20:00:00+00:00,8035.019754633759
2026-04-10 22:00:00+00:00,8018.105297397379
2026-04-11 00:00:00+00:00,8017.599309360394
2026-04-11 02:00:00+00:00,8011.8165889377005
2026-04-11 04:00:00+00:00,7994.255345716636
2026-04-11 06:00:00+00:00,7994.255345716636
2026-04-11 08:00:00+00:00,7994.255345716636
2026-04-11 10:00:00+00:00,7994.255345716636
2026-04-11 12:00:00+00:00,7994.255345716636
2026-04-11 14:00:00+00:00,7994.255345716636
2026-04-11 16:00:00+00:00,7994.255345716636
2026-04-11 18:00:00+00:00,7994.255345716636
2026-04-11 20:00:00+00:00,7991.998532270931
2026-04-11 22:00:00+00:00,7942.54009980713
2026-04-12 00:00:00+00:00,7942.54009980713
2026-04-12 02:00:00+00:00,7942.54009980713
2026-04-12 04:00:00+00:00,7942.54009980713
2026-04-12 06:00:00+00:00,7942.54009980713
2026-04-12 08:00:00+00:00,7942.54009980713
2026-04-12 10:00:00+00:00,7942.54009980713
2026-04-12 12:00:00+00:00,7942.54009980713
2026-04-12 14:00:00+00:00,7942.54009980713
2026-04-12 16:00:00+00:00,7942.54009980713
2026-04-12 18:00:00+00:00,7942.54009980713
2026-04-12 20:00:00+00:00,7942.54009980713
2026-04-12 22:00:00+00:00,7942.54009980713
2026-04-13 00:00:00+00:00,7942.54009980713
2026-04-13 02:00:00+00:00,7942.54009980713
2026-04-13 04:00:00+00:00,7942.54009980713
2026-04-13 06:00:00+00:00,7942.54009980713
2026-04-13 08:00:00+00:00,7942.54009980713
2026-04-13 10:00:00+00:00,7942.54009980713
2026-04-13 12:00:00+00:00,7940.474001243564
2026-04-13 14:00:00+00:00,7961.046745939957
2026-04-13 16:00:00+00:00,7989.586386866816
2026-04-13 18:00:00+00:00,8105.963579904253
2026-04-13 20:00:00+00:00,8093.256884650598
2026-04-13 22:00:00+00:00,8218.911982158957
2026-04-14 00:00:00+00:00,8215.987425314863
2026-04-14 02:00:00+00:00,8221.93738579078
2026-04-14 04:00:00+00:00,8197.431616373018
2026-04-14 06:00:00+00:00,8231.114443473974
2026-04-14 08:00:00+00:00,8225.164482998058
2026-04-14 10:00:00+00:00,8214.07133634804
2026-04-14 12:00:00+00:00,8327.019738602747
2026-04-14 14:00:00+00:00,8307.3546149959
2026-04-14 16:00:00+00:00,8249.468558840364
2026-04-14 18:00:00+00:00,8195.81806776938
2026-04-14 20:00:00+00:00,8202.877342910298
2026-04-14 22:00:00+00:00,8182.531304870107
2026-04-15 00:00:00+00:00,8182.531304870107
2026-04-15 02:00:00+00:00,8182.531304870107
2026-04-15 04:00:00+00:00,8182.531304870107
2026-04-15 06:00:00+00:00,8182.531304870107
2026-04-15 08:00:00+00:00,8182.531304870107
2026-04-15 10:00:00+00:00,8182.531304870107
2026-04-15 12:00:00+00:00,8182.531304870107
2026-04-15 14:00:00+00:00,8182.531304870107
2026-04-15 16:00:00+00:00,8182.531304870107
2026-04-15 18:00:00+00:00,8182.531304870107
2026-04-15 20:00:00+00:00,8182.531304870107
2026-04-15 22:00:00+00:00,8182.531304870107
2026-04-16 00:00:00+00:00,8182.531304870107
2026-04-16 02:00:00+00:00,8182.531304870107
2026-04-16 04:00:00+00:00,8180.63310716729
2026-04-16 06:00:00+00:00,8146.115288956219
2026-04-16 08:00:00+00:00,8146.115288956219
2026-04-16 10:00:00+00:00,8146.115288956219
2026-04-16 12:00:00+00:00,8146.115288956219
2026-04-16 14:00:00+00:00,8146.115288956219
2026-04-16 16:00:00+00:00,8146.115288956219
2026-04-16 18:00:00+00:00,8146.115288956219
2026-04-16 20:00:00+00:00,8146.115288956219
2026-04-16 22:00:00+00:00,8144.60598031621
2026-04-17 00:00:00+00:00,8108.72997407308
2026-04-17 02:00:00+00:00,8108.72997407308
2026-04-17 04:00:00+00:00,8108.72997407308
2026-04-17 06:00:00+00:00,8108.72997407308
2026-04-17 08:00:00+00:00,8107.056805352813
2026-04-17 10:00:00+00:00,8093.211131110445
2026-04-17 12:00:00+00:00,8221.72550107285
2026-04-17 14:00:00+00:00,8253.467445745511
2026-04-17 16:00:00+00:00,8235.4975281118
2026-04-17 18:00:00+00:00,8226.070686074443
2026-04-17 20:00:00+00:00,8229.973987855537
2026-04-17 22:00:00+00:00,8202.208992167383
2026-04-18 00:00:00+00:00,8213.03513106966
2026-04-18 02:00:00+00:00,8197.274629538455
2026-04-18 04:00:00+00:00,8206.922413186063
2026-04-18 06:00:00+00:00,8197.421923945289
2026-04-18 08:00:00+00:00,8162.999602189637
2026-04-18 10:00:00+00:00,8162.999602189637
2026-04-18 12:00:00+00:00,8162.999602189637
2026-04-18 14:00:00+00:00,8162.999602189637
2026-04-18 16:00:00+00:00,8162.999602189637
2026-04-18 18:00:00+00:00,8162.999602189637
2026-04-18 20:00:00+00:00,8162.999602189637
2026-04-18 22:00:00+00:00,8162.999602189637
2026-04-19 00:00:00+00:00,8162.999602189637
2026-04-19 02:00:00+00:00,8162.999602189637
2026-04-19 04:00:00+00:00,8162.999602189637
2026-04-19 06:00:00+00:00,8162.999602189637
2026-04-19 08:00:00+00:00,8162.999602189637
2026-04-19 10:00:00+00:00,8162.999602189637
2026-04-19 12:00:00+00:00,8162.999602189637
2026-04-19 14:00:00+00:00,8162.999602189637
2026-04-19 16:00:00+00:00,8162.999602189637
2026-04-19 18:00:00+00:00,8162.999602189637
2026-04-19 20:00:00+00:00,8162.999602189637
2026-04-19 22:00:00+00:00,8162.999602189637
2026-04-20 00:00:00+00:00,8162.999602189637
2026-04-20 02:00:00+00:00,8162.999602189637
2026-04-20 04:00:00+00:00,8162.999602189637
2026-04-20 06:00:00+00:00,8162.999602189637
2026-04-20 08:00:00+00:00,8162.999602189637
2026-04-20 10:00:00+00:00,8161.123851256294
2026-04-20 12:00:00+00:00,8167.696325719135
2026-04-20 14:00:00+00:00,8203.886533204393
2026-04-20 16:00:00+00:00,8219.94333790475
2026-04-20 18:00:00+00:00,8253.138493736056
2026-04-20 20:00:00+00:00,8224.019935989296
2026-04-20 22:00:00+00:00,8215.034781027438
2026-04-21 00:00:00+00:00,8221.524059611002
2026-04-21 02:00:00+00:00,8203.96972908367
2026-04-21 04:00:00+00:00,8212.122925252763
2026-04-21 06:00:00+00:00,8236.000142605106
2026-04-21 08:00:00+00:00,8258.962205285408
2026-04-21 10:00:00+00:00,8265.617875627524
2026-04-21 12:00:00+00:00,8219.776946146196
2026-04-21 14:00:00+00:00,8215.034781027438
2026-04-21 16:00:00+00:00,8189.41045021029
2026-04-21 18:00:00+00:00,8136.972309917529
2026-04-21 20:00:00+00:00,8098.436003987191
2026-04-21 22:00:00+00:00,8042.35705132737
2026-04-22 00:00:00+00:00,8035.821765113682
2026-04-22 02:00:00+00:00,8122.250753291695
2026-04-22 04:00:00+00:00,8153.634796927416
2026-04-22 06:00:00+00:00,8155.109215084799
2026-04-22 08:00:00+00:00,8154.617742365671
2026-04-22 10:00:00+00:00,8175.8914900650525
2026-04-22 12:00:00+00:00,8213.102995941857
2026-04-22 14:00:00+00:00,8243.433883750875
2026-04-22 16:00:00+00:00,8217.45604002556
2026-04-22 18:00:00+00:00,8213.594468660986
2026-04-22 20:00:00+00:00,8208.328689527474
2026-04-22 22:00:00+00:00,8167.185401897648
2026-04-23 00:00:00+00:00,8179.893482206519
2026-04-23 02:00:00+00:00,8131.817205649197
2026-04-23 04:00:00+00:00,8131.817205649197
2026-04-23 06:00:00+00:00,8131.817205649197
2026-04-23 08:00:00+00:00,8131.817205649197
2026-04-23 10:00:00+00:00,8131.817205649197
2026-04-23 12:00:00+00:00,8131.817205649197
2026-04-23 14:00:00+00:00,8131.817205649197
2026-04-23 16:00:00+00:00,8131.817205649197
2026-04-23 18:00:00+00:00,8131.817205649197
2026-04-23 20:00:00+00:00,8131.817205649197
2026-04-23 22:00:00+00:00,8131.817205649197
2026-04-24 00:00:00+00:00,8131.817205649197
2026-04-24 02:00:00+00:00,8131.817205649197
2026-04-24 04:00:00+00:00,8131.817205649197
2026-04-24 06:00:00+00:00,8131.817205649197
2026-04-24 08:00:00+00:00,8131.817205649197
2026-04-24 10:00:00+00:00,8131.817205649197
2026-04-24 12:00:00+00:00,8131.817205649197
2026-04-24 14:00:00+00:00,8131.817205649197
2026-04-24 16:00:00+00:00,8131.817205649197
2026-04-24 18:00:00+00:00,8131.817205649197
2026-04-24 20:00:00+00:00,8131.817205649197
2026-04-24 22:00:00+00:00,8131.817205649197
2026-04-25 00:00:00+00:00,8131.817205649197
2026-04-25 02:00:00+00:00,8131.817205649197
2026-04-25 04:00:00+00:00,8131.817205649197
2026-04-25 06:00:00+00:00,8131.817205649197
2026-04-25 08:00:00+00:00,8131.817205649197
2026-04-25 10:00:00+00:00,8131.817205649197
2026-04-25 12:00:00+00:00,8131.817205649197
2026-04-25 14:00:00+00:00,8131.817205649197
2026-04-25 16:00:00+00:00,8131.817205649197
2026-04-25 18:00:00+00:00,8131.817205649197
2026-04-25 20:00:00+00:00,8131.817205649197
2026-04-25 22:00:00+00:00,8131.817205649197
2026-04-26 00:00:00+00:00,8131.817205649197
2026-04-26 02:00:00+00:00,8131.817205649197
2026-04-26 04:00:00+00:00,8128.613024662861
2026-04-26 06:00:00+00:00,8145.696663332393
2026-04-26 08:00:00+00:00,8132.161165001918
2026-04-26 10:00:00+00:00,8142.936998624238
2026-04-26 12:00:00+00:00,8128.481612057711
2026-04-26 14:00:00+00:00,8137.680494418228
2026-04-26 16:00:00+00:00,8134.132354079171
2026-04-26 18:00:00+00:00,8160.809112924671
2026-04-26 20:00:00+00:00,8185.908920508369
2026-04-26 22:00:00+00:00,8217.185120534128
2026-04-27 00:00:00+00:00,8300.500712199388
2026-04-27 02:00:00+00:00,8275.79514243114
2026-04-27 04:00:00+00:00,8104.301692710064
2026-04-27 06:00:00+00:00,8064.17049678432
2026-04-27 08:00:00+00:00,8035.294619904536
2026-04-27 10:00:00+00:00,8040.333363521143
2026-04-27 12:00:00+00:00,8050.50774967006
2026-04-27 14:00:00+00:00,8141.980326094608
2026-04-27 16:00:00+00:00,8147.794261036846
2026-04-27 18:00:00+00:00,8136.457087899482
2026-04-27 20:00:00+00:00,8144.499697902911
2026-04-27 22:00:00+00:00,8088.201427878905
2026-04-28 00:00:00+00:00,8115.139326444608
2026-04-28 02:00:00+00:00,8141.205134768976
2026-04-28 04:00:00+00:00,8135.8756944052575
2026-04-28 06:00:00+00:00,8135.294300911034
2026-04-28 08:00:00+00:00,8162.8135929709615
2026-04-28 10:00:00+00:00,8197.40650587728
2026-04-28 12:00:00+00:00,8200.894866842622
2026-04-28 14:00:00+00:00,8213.78242263125
2026-04-28 16:00:00+00:00,8201.766957083957
2026-04-28 18:00:00+00:00,8187.619715391178
2026-04-28 20:00:00+00:00,8185.003444667171
2026-04-28 22:00:00+00:00,8187.329018644065
2026-04-29 00:00:00+00:00,8156.347339954969
2026-04-29 02:00:00+00:00,8156.347339954969
2026-04-29 04:00:00+00:00,8156.347339954969
2026-04-29 06:00:00+00:00,8156.347339954969
2026-04-29 08:00:00+00:00,8156.347339954969
2026-04-29 10:00:00+00:00,8156.347339954969
2026-04-29 12:00:00+00:00,8156.347339954969
2026-04-29 14:00:00+00:00,8156.347339954969
2026-04-29 16:00:00+00:00,8156.347339954969
2026-04-29 18:00:00+00:00,8154.370227645425
2026-04-29 20:00:00+00:00,8124.03424257627
2026-04-29 22:00:00+00:00,8137.739756491811
2026-04-30 00:00:00+00:00,8098.545329501635
2026-04-30 02:00:00+00:00,8124.869944644291
2026-04-30 04:00:00+00:00,8151.194559786946
2026-04-30 06:00:00+00:00,8103.308831289353
2026-04-30 08:00:00+00:00,8109.493026592708
2026-04-30 10:00:00+00:00,8105.746769052354
2026-04-30 12:00:00+00:00,8105.746769052354
2026-04-30 14:00:00+00:00,8105.746769052354
2026-04-30 16:00:00+00:00,8105.746769052354
2026-04-30 18:00:00+00:00,8105.746769052354
2026-04-30 20:00:00+00:00,8105.746769052354
2026-04-30 22:00:00+00:00,8105.746769052354
2026-05-01 00:00:00+00:00,8105.746769052354
2026-05-01 02:00:00+00:00,8105.746769052354
2026-05-01 04:00:00+00:00,8105.746769052354
2026-05-01 06:00:00+00:00,8105.746769052354
2026-05-01 08:00:00+00:00,8105.746769052354
2026-05-01 10:00:00+00:00,8105.746769052354
2026-05-01 12:00:00+00:00,8105.746769052354
2026-05-01 14:00:00+00:00,8105.746769052354
2026-05-01 16:00:00+00:00,8105.746769052354
2026-05-01 18:00:00+00:00,8105.746769052354
2026-05-01 20:00:00+00:00,8105.746769052354
2026-05-01 22:00:00+00:00,8105.746769052354
2026-05-02 00:00:00+00:00,8105.746769052354
2026-05-02 02:00:00+00:00,8105.746769052354
2026-05-02 04:00:00+00:00,8105.746769052354
2026-05-02 06:00:00+00:00,8105.746769052354
2026-05-02 08:00:00+00:00,8105.746769052354
2026-05-02 10:00:00+00:00,8105.746769052354
2026-05-02 12:00:00+00:00,8105.746769052354
2026-05-02 14:00:00+00:00,8105.746769052354
2026-05-02 16:00:00+00:00,8105.746769052354
2026-05-02 18:00:00+00:00,8105.746769052354
2026-05-02 20:00:00+00:00,8105.746769052354
2026-05-02 22:00:00+00:00,8105.746769052354
2026-05-03 00:00:00+00:00,8105.746769052354
2026-05-03 02:00:00+00:00,8105.746769052354
2026-05-03 04:00:00+00:00,8105.746769052354
2026-05-03 06:00:00+00:00,8105.746769052354
2026-05-03 08:00:00+00:00,8105.746769052354
2026-05-03 10:00:00+00:00,8105.746769052354
2026-05-03 12:00:00+00:00,8105.746769052354
2026-05-03 14:00:00+00:00,8105.746769052354
2026-05-03 16:00:00+00:00,8105.746769052354
2026-05-03 18:00:00+00:00,8105.746769052354
2026-05-03 20:00:00+00:00,8105.746769052354
2026-05-03 22:00:00+00:00,8105.746769052354
2026-05-04 00:00:00+00:00,8103.043698991746
2026-05-04 02:00:00+00:00,8161.940258249164
2026-05-04 04:00:00+00:00,8129.29225762949
2026-05-04 06:00:00+00:00,8094.366489524724
2026-05-04 08:00:00+00:00,8110.093931683703
2026-05-04 10:00:00+00:00,7929.2911371713235
2026-05-04 12:00:00+00:00,7929.2911371713235
2026-05-04 14:00:00+00:00,7929.2911371713235
2026-05-04 16:00:00+00:00,7927.496487975516
2026-05-04 18:00:00+00:00,7903.757836578549
2026-05-04 20:00:00+00:00,7919.202260378986
2026-05-04 22:00:00+00:00,7889.814953980934
2026-05-05 00:00:00+00:00,7925.136923228228
2026-05-05 02:00:00+00:00,7964.749010197866
2026-05-05 04:00:00+00:00,7970.6121710850675
2026-05-05 06:00:00+00:00,7962.4609474126155
2026-05-05 08:00:00+00:00,7943.226919624109
2026-05-05 10:00:00+00:00,7974.18726918702
2026-05-05 12:00:00+00:00,7997.139399001558
2026-05-05 14:00:00+00:00,8010.152756092666
2026-05-05 16:00:00+00:00,7991.848253810667
2026-05-05 18:00:00+00:00,8015.801411093752
2026-05-05 20:00:00+00:00,8001.286512799823
2026-05-05 22:00:00+00:00,7958.63408956347
2026-05-06 00:00:00+00:00,7958.63408956347
2026-05-06 02:00:00+00:00,7958.63408956347
2026-05-06 04:00:00+00:00,7958.63408956347
2026-05-06 06:00:00+00:00,7958.63408956347
2026-05-06 08:00:00+00:00,7958.63408956347
2026-05-06 10:00:00+00:00,7956.564726287515
2026-05-06 12:00:00+00:00,7880.674690784414
2026-05-06 14:00:00+00:00,7880.674690784414
2026-05-06 16:00:00+00:00,7880.674690784414
2026-05-06 18:00:00+00:00,7880.674690784414
2026-05-06 20:00:00+00:00,7880.674690784414
2026-05-06 22:00:00+00:00,7880.674690784414
2026-05-07 00:00:00+00:00,7880.674690784414
2026-05-07 02:00:00+00:00,7880.674690784414
2026-05-07 04:00:00+00:00,7880.674690784414
2026-05-07 06:00:00+00:00,7880.674690784414
2026-05-07 08:00:00+00:00,7880.674690784414
2026-05-07 10:00:00+00:00,7880.674690784414
2026-05-07 12:00:00+00:00,7880.674690784414
2026-05-07 14:00:00+00:00,7880.674690784414
2026-05-07 16:00:00+00:00,7880.674690784414
2026-05-07 18:00:00+00:00,7880.674690784414
2026-05-07 20:00:00+00:00,7880.674690784414
2026-05-07 22:00:00+00:00,7880.674690784414
2026-05-08 00:00:00+00:00,7880.674690784414
2026-05-08 02:00:00+00:00,7880.674690784414
2026-05-08 04:00:00+00:00,7880.674690784414
2026-05-08 06:00:00+00:00,7880.674690784414
2026-05-08 08:00:00+00:00,7880.674690784414
2026-05-08 10:00:00+00:00,7880.674690784414
2026-05-08 12:00:00+00:00,7880.674690784414
2026-05-08 14:00:00+00:00,7880.674690784414
2026-05-08 16:00:00+00:00,7880.674690784414
2026-05-08 18:00:00+00:00,7880.674690784414
2026-05-08 20:00:00+00:00,7880.674690784414
2026-05-08 22:00:00+00:00,7880.674690784414
2026-05-09 00:00:00+00:00,7880.674690784414
2026-05-09 02:00:00+00:00,7880.674690784414
2026-05-09 04:00:00+00:00,7880.674690784414
2026-05-09 06:00:00+00:00,7880.674690784414
2026-05-09 08:00:00+00:00,7880.674690784414
2026-05-09 10:00:00+00:00,7880.674690784414
2026-05-09 12:00:00+00:00,7880.674690784414
2026-05-09 14:00:00+00:00,7880.674690784414
2026-05-09 16:00:00+00:00,7880.674690784414
2026-05-09 18:00:00+00:00,7880.674690784414
2026-05-09 20:00:00+00:00,7880.674690784414
2026-05-09 22:00:00+00:00,7880.674690784414
2026-05-10 00:00:00+00:00,7880.674690784414
2026-05-10 02:00:00+00:00,7880.674690784414
2026-05-10 04:00:00+00:00,7880.674690784414
2026-05-10 06:00:00+00:00,7880.674690784414
2026-05-10 08:00:00+00:00,7880.674690784414
2026-05-10 10:00:00+00:00,7880.674690784414
2026-05-10 12:00:00+00:00,7880.674690784414
2026-05-10 14:00:00+00:00,7880.674690784414
2026-05-10 16:00:00+00:00,7880.674690784414
2026-05-10 18:00:00+00:00,7880.674690784414
2026-05-10 20:00:00+00:00,7880.674690784414
2026-05-10 22:00:00+00:00,7880.674690784414
2026-05-11 00:00:00+00:00,7880.674690784414
2026-05-11 02:00:00+00:00,7880.674690784414
2026-05-11 04:00:00+00:00,7880.674690784414
2026-05-11 06:00:00+00:00,7880.674690784414
2026-05-11 08:00:00+00:00,7880.674690784414
2026-05-11 10:00:00+00:00,7880.674690784414
2026-05-11 12:00:00+00:00,7880.674690784414
2026-05-11 14:00:00+00:00,7880.674690784414
2026-05-11 16:00:00+00:00,7878.4344456756535
2026-05-11 18:00:00+00:00,7879.528662643324
2026-05-11 20:00:00+00:00,7867.3099065043325
2026-05-11 22:00:00+00:00,7861.018158940225
2026-05-12 00:00:00+00:00,7812.690242868092
2026-05-12 02:00:00+00:00,7790.596437829776
2026-05-12 04:00:00+00:00,7790.596437829776
2026-05-12 06:00:00+00:00,7790.596437829776
2026-05-12 08:00:00+00:00,7790.596437829776
2026-05-12 10:00:00+00:00,7790.596437829776
2026-05-12 12:00:00+00:00,7790.596437829776
2026-05-12 14:00:00+00:00,7790.596437829776
2026-05-12 16:00:00+00:00,7790.596437829776
2026-05-12 18:00:00+00:00,7790.596437829776
2026-05-12 20:00:00+00:00,7790.596437829776
2026-05-12 22:00:00+00:00,7790.596437829776
2026-05-13 00:00:00+00:00,7790.596437829776
2026-05-13 02:00:00+00:00,7790.596437829776
2026-05-13 04:00:00+00:00,7787.990695857175
2026-05-13 06:00:00+00:00,7788.917859522606
2026-05-13 08:00:00+00:00,7816.526733115448
2026-05-13 10:00:00+00:00,7734.421239632256
