signal_time,entry_time,exit_time,dir,entry,exit,qty,gross_pnl,fees,funding,pnl,hold_hours,reason
2025-11-06 18:00:00+00:00,2025-11-06 20:00:00+00:00,2025-11-07 06:00:00+00:00,short,101323.5938,102447.7251,0.05166410163243281,-58.07723373139849,-4.737447958241015,0.6025893892653608,-62.212092300374145,10.0,signal_exit
2025-11-07 10:00:00+00:00,2025-11-07 12:00:00+00:00,2025-11-07 18:00:00+00:00,short,100367.8806,102416.71579999999,0.05543517268551043,-113.57753311615157,-5.058629603727992,0.24446712286725958,-118.3916955970123,6.0,signal_exit
2025-11-08 14:00:00+00:00,2025-11-08 16:00:00+00:00,2025-11-08 22:00:00+00:00,short,101645.4972,102260.669,0.06656022298422598,-40.94597218160743,-6.107417950558789,0.4533989176286479,-46.599991214537575,6.0,signal_exit
2025-11-09 02:00:00+00:00,2025-11-09 04:00:00+00:00,2025-11-09 12:00:00+00:00,short,101590.51370000001,102211.6543,0.07811375731196954,-48.51962608500992,-7.16388889086236,0.2749703510127416,-55.40854462485954,8.0,signal_exit
2025-11-12 10:00:00+00:00,2025-11-12 12:00:00+00:00,2025-11-12 14:00:00+00:00,long,105024.4979,102127.24882088191,0.06902823841706406,-199.99200018698278,-6.434694072522136,-0.18118100593220865,-206.60787526543714,2.0,stop
2025-11-12 14:00:00+00:00,2025-11-12 16:00:00+00:00,2025-11-13 08:00:00+00:00,short,102137.3496,103482.0353,0.058874427454871155,-79.16760069425274,-5.447575601824626,1.2018655057851126,-83.41331079029226,16.0,signal_exit
2025-11-13 14:00:00+00:00,2025-11-13 16:00:00+00:00,2025-11-15 04:00:00+00:00,short,101319.595,96472.9332,0.05273810540262522,255.60376085927734,-4.694041440028494,2.267447986551124,253.1771674058,36.0,signal_exit
2025-11-16 18:00:00+00:00,2025-11-16 20:00:00+00:00,2025-11-17 02:00:00+00:00,short,94015.7868,94819.43729999999,0.06247005214199597,-50.20408863894043,-5.308445833097622,0.44216302906104754,-55.070371442977006,6.0,signal_exit
2025-11-17 16:00:00+00:00,2025-11-17 18:00:00+00:00,2025-11-18 16:00:00+00:00,short,92744.16840000001,92970.8829,0.05258363431854609,-11.92147236271135,-4.394507555254153,1.4430395844988555,-14.872940333466648,22.0,signal_exit
2025-11-19 14:00:00+00:00,2025-11-19 16:00:00+00:00,2025-11-20 00:00:00+00:00,short,89911.0186,91581.4662,0.05144209387546364,-85.93132225324291,-4.20135904834774,0.4628470245136169,-89.66983427707703,8.0,signal_exit
2025-11-20 16:00:00+00:00,2025-11-20 18:00:00+00:00,2025-11-21 22:00:00+00:00,short,87226.8241,85191.5498,0.04565997001276223,92.93056350574585,-3.5426780018654513,1.3604330990339988,90.7483186029144,28.0,signal_exit
2025-11-24 10:00:00+00:00,2025-11-24 12:00:00+00:00,2025-11-24 18:00:00+00:00,short,86228.1238,88334.4924,0.05981056326239897,-125.98309240423085,-4.698309779765987,0.38895855974395144,-130.29244362425288,6.0,signal_exit
2025-11-24 16:00:00+00:00,2025-11-24 18:00:00+00:00,2025-11-25 10:00:00+00:00,long,88334.4924,87175.8394,0.056111195901590784,-65.01340546496618,-4.43164257467235,0.6975148266822402,-68.7475332129563,16.0,signal_exit
2025-11-25 08:00:00+00:00,2025-11-25 10:00:00+00:00,2025-11-26 18:00:00+00:00,short,87175.8394,89800.9322,0.06517768177828623,-171.09746315687028,-5.190721065671959,1.7307762099695077,-174.55740801257272,32.0,signal_exit
2025-11-26 16:00:00+00:00,2025-11-26 18:00:00+00:00,2025-11-28 00:00:00+00:00,long,89800.9322,91282.607,0.05570133397878195,82.5312628827454,-4.538967612767574,-0.461737138290662,77.53055813168716,30.0,signal_exit
2025-11-30 08:00:00+00:00,2025-11-30 10:00:00+00:00,2025-12-01 00:00:00+00:00,long,91395.4104,90297.9025,0.10693019867586288,-117.35673779532873,-8.742825920912724,-1.353811188178565,-127.45337490442002,14.0,signal_exit
2025-11-30 22:00:00+00:00,2025-12-01 00:00:00+00:00,2025-12-02 04:00:00+00:00,short,90297.9025,86956.079,0.09905679348871398,331.0303203152312,-7.901194968224022,0.5156481485250867,323.64477349553226,28.0,signal_exit
2025-12-08 18:00:00+00:00,2025-12-08 20:00:00+00:00,2025-12-09 16:00:00+00:00,short,90044.9784,92698.80129999999,0.06717204325647064,-178.26270663381132,-5.523872883686703,0.40869455959760986,-183.3778849579004,20.0,signal_exit
2025-12-09 14:00:00+00:00,2025-12-09 16:00:00+00:00,2025-12-10 14:00:00+00:00,long,92698.80129999999,92023.38470000001,0.062361770576998196,-42.12017505309505,-5.183821162716114,-1.1857555239299058,-48.489751739741074,22.0,signal_exit
2025-12-11 20:00:00+00:00,2025-12-11 22:00:00+00:00,2025-12-12 16:00:00+00:00,long,92863.8508,89871.0306,0.05614819690537177,-168.04145789197423,-4.617105346047131,-1.164856107818533,-173.8234193458399,18.0,signal_exit
2025-12-12 14:00:00+00:00,2025-12-12 16:00:00+00:00,2025-12-14 02:00:00+00:00,short,89871.0306,90296.08069999999,0.05884059239803835,-25.010199682845034,-4.770512801790888,2.195331255368154,-27.585381229267767,34.0,signal_exit
2025-12-14 10:00:00+00:00,2025-12-14 12:00:00+00:00,2025-12-15 06:00:00+00:00,short,89293.204,89590.8692,0.11413516147507438,-33.974065667510665,-9.187633161000461,1.3669648643849515,-41.79473396412617,18.0,signal_exit
2025-12-15 14:00:00+00:00,2025-12-15 16:00:00+00:00,2025-12-16 12:00:00+00:00,short,86980.8979,87262.17079999999,0.0770069626415099,-21.659971702368864,-6.038068266865324,1.6319876201134909,-26.066052349120696,20.0,signal_exit
2025-12-17 20:00:00+00:00,2025-12-17 22:00:00+00:00,2025-12-18 06:00:00+00:00,short,85924.215,86439.9242,0.05601079320719441,-28.885281356247525,-4.344413470680272,0.4773858060327626,-32.752309020895034,8.0,signal_exit
2025-12-18 18:00:00+00:00,2025-12-18 20:00:00+00:00,2025-12-19 06:00:00+00:00,short,84400.6722,87126.12999999999,0.047852740504205064,-130.4206248585611,-3.693612399836719,0.310316202282824,-133.803921056115,10.0,signal_exit
2025-12-21 10:00:00+00:00,2025-12-21 12:00:00+00:00,2025-12-21 14:00:00+00:00,long,88589.5689,87623.705,0.1057753278336603,-102.16457066519733,-8.387557566936783,-0.1920877319653608,-110.74421596409947,2.0,signal_exit
2025-12-21 12:00:00+00:00,2025-12-21 14:00:00+00:00,2025-12-22 00:00:00+00:00,short,87623.705,89524.49428260801,0.09548695741877647,-181.50058529045734,-7.6119041527700935,0.8561116855857852,-188.25637775764164,10.0,stop
2025-12-22 02:00:00+00:00,2025-12-22 04:00:00+00:00,2025-12-22 20:00:00+00:00,long,88765.6217,87987.59580000001,0.08569427082637128,-66.67236218453068,-6.816032140444879,-1.041393168425769,-74.52978749340133,16.0,signal_exit
2025-12-22 18:00:00+00:00,2025-12-22 20:00:00+00:00,2025-12-24 18:00:00+00:00,short,87987.59580000001,87330.1912,0.07266082463813268,47.767560356902415,-5.732430739718624,2.3198109797287843,44.35494059691258,46.0,signal_exit
2025-12-26 00:00:00+00:00,2025-12-26 02:00:00+00:00,2025-12-26 02:00:00+00:00,short,87374.7797,89124.80961080865,0.10144150766718471,-177.525672615098,-8.056972999047307,0.0,-185.5826456141453,0.0,stop
2025-12-26 02:00:00+00:00,2025-12-26 04:00:00+00:00,2025-12-26 14:00:00+00:00,long,88813.6361,86748.16545106012,0.08345974734887733,-172.3836585170442,-6.593554620704348,-0.7578934439595794,-179.73510658170812,10.0,stop
2025-12-26 16:00:00+00:00,2025-12-26 18:00:00+00:00,2025-12-27 22:00:00+00:00,short,87269.8112,87671.2935,0.07069234225360628,-28.381724160365266,-5.565148401454366,2.164345027373311,-31.78252753444632,28.0,signal_exit
2025-12-28 20:00:00+00:00,2025-12-28 22:00:00+00:00,2025-12-29 00:00:00+00:00,short,87535.7314,87953.3781,0.17792356985623176,-74.30919180267422,-14.050641974909018,0.3910204054284173,-87.96881337215481,2.0,signal_exit
2025-12-28 22:00:00+00:00,2025-12-29 00:00:00+00:00,2025-12-29 12:00:00+00:00,long,87953.3781,86910.03695571095,0.16492537095482648,-172.07342525430474,-12.977736117520912,-2.202256724628346,-187.253418096454,12.0,stop
2025-12-29 12:00:00+00:00,2025-12-29 14:00:00+00:00,2025-12-30 14:00:00+00:00,short,87324.7947,88122.4288,0.08610127977167698,-68.6773167995294,-6.797803714081847,2.213085015698589,-73.26203549791265,24.0,signal_exit
2025-12-30 12:00:00+00:00,2025-12-30 14:00:00+00:00,2025-12-31 18:00:00+00:00,long,88122.4288,87572.7203,0.09734418881804364,-53.5109280188829,-7.696305795782129,-2.952793220524676,-64.16002703518971,28.0,signal_exit
2025-12-31 16:00:00+00:00,2025-12-31 18:00:00+00:00,2026-01-01 18:00:00+00:00,short,87572.7203,88319.4879,0.08974614902325186,-67.01951631533541,-7.103541748115719,2.364510377163459,-71.75854768628767,24.0,signal_exit
2026-01-01 16:00:00+00:00,2026-01-01 18:00:00+00:00,2026-01-03 10:00:00+00:00,long,88319.4879,89724.0747,0.11614131310452297,163.13055532128053,-9.3051959175771,-3.0357293054395638,150.78963009826387,40.0,signal_exit
2026-01-03 22:00:00+00:00,2026-01-04 00:00:00+00:00,2026-01-04 20:00:00+00:00,long,90626.1797,91073.6697,0.10369668780174772,46.40323082440463,-8.47875265058537,-1.502784849893161,36.4216933239261,20.0,signal_exit
2026-01-05 00:00:00+00:00,2026-01-05 02:00:00+00:00,2026-01-06 06:00:00+00:00,long,92949.8766,93531.932,0.09441573039835217,54.955185723304794,-7.923067274238621,-2.2506757903484274,44.78144265871775,28.0,signal_exit
2026-01-12 10:00:00+00:00,2026-01-12 12:00:00+00:00,2026-01-12 16:00:00+00:00,short,90564.8224,91666.4917,0.09238611617840276,-101.77894793997909,-7.576039510103522,0.4202182494374649,-108.93476920064515,4.0,signal_exit
2026-01-12 14:00:00+00:00,2026-01-12 16:00:00+00:00,2026-01-13 02:00:00+00:00,long,91666.4917,91121.6553,0.08301483130601517,-45.22950183537662,-6.828357234574846,-0.003227379227061806,-52.061086449178525,10.0,signal_exit
2026-01-13 02:00:00+00:00,2026-01-13 04:00:00+00:00,2026-01-15 04:00:00+00:00,long,91410.4149,95941.209,0.07957049069728418,360.51750978536,-6.708447290995216,-3.739919098750413,350.0691433956144,48.0,signal_exit
2026-01-18 16:00:00+00:00,2026-01-18 18:00:00+00:00,2026-01-18 22:00:00+00:00,long,95290.5786,94138.738107074,0.14964659276235695,-172.36900517208954,-12.756353316531769,-0.7137469065096997,-185.839105395131,4.0,stop
2026-01-18 22:00:00+00:00,2026-01-19 00:00:00+00:00,2026-01-21 16:00:00+00:00,short,93591.914,90257.069,0.11366254965086432,379.04698539043676,-9.403534871324286,1.0266351202194468,370.67008563933194,64.0,signal_exit
2026-01-24 14:00:00+00:00,2026-01-24 16:00:00+00:00,2026-01-26 10:00:00+00:00,short,89195.2334,87660.2902,0.09737224438514132,149.46086438771027,-7.7493686691785975,1.0798824534568103,142.79137817198847,42.0,signal_exit
2026-01-29 00:00:00+00:00,2026-01-29 02:00:00+00:00,2026-01-30 20:00:00+00:00,short,88529.4332,84245.266,0.07097784099355897,304.0809383114205,-5.518428807387412,1.9767763569617784,300.5392858609948,42.0,signal_exit
2026-01-31 16:00:00+00:00,2026-01-31 18:00:00+00:00,2026-02-02 02:00:00+00:00,short,78842.3402,77504.24429999999,0.047545201442365854,63.62003911470454,-3.3450884346952687,1.0373164401576722,61.31226712016694,32.0,signal_exit
2026-02-02 04:00:00+00:00,2026-02-02 06:00:00+00:00,2026-02-02 08:00:00+00:00,short,75430.3641,76632.983,0.04077412359001616,-49.03573166028875,-2.790112368675117,-0.05269667058485046,-51.878540699548715,2.0,signal_exit
2026-02-03 16:00:00+00:00,2026-02-03 18:00:00+00:00,2026-02-06 12:00:00+00:00,short,74845.5396,66609.977,0.04719111624887504,388.64539203148775,-3.003949677561873,2.2038434947837833,387.84528584870964,66.0,signal_exit
2026-02-09 08:00:00+00:00,2026-02-09 10:00:00+00:00,2026-02-12 02:00:00+00:00,short,69576.12090000001,67670.295,0.05297518347450475,100.96147672296371,-3.271794328584309,0.07312460171741916,97.76280699609683,64.0,signal_exit
2026-02-12 16:00:00+00:00,2026-02-12 18:00:00+00:00,2026-02-13 10:00:00+00:00,short,65358.386600000005,66940.076,0.056615801860052425,-89.54861367454495,-3.3705825952280204,0.4430757548569932,-92.47612051491598,16.0,signal_exit
2026-02-15 12:00:00+00:00,2026-02-15 14:00:00+00:00,2026-02-17 04:00:00+00:00,short,68880.3297,68468.5344,0.0817623473210831,33.669350343789446,-5.053484488815199,1.3387305908984297,29.954596445872674,38.0,signal_exit
2026-02-17 04:00:00+00:00,2026-02-17 06:00:00+00:00,2026-02-18 08:00:00+00:00,short,68187.5376,68106.4258,0.07993591618837408,6.483746046688061,-4.902652275895676,1.247573658021355,2.8286674288137403,26.0,signal_exit
2026-02-18 16:00:00+00:00,2026-02-18 18:00:00+00:00,2026-02-19 08:00:00+00:00,short,67117.8586,67209.15669999999,0.07760871276556362,-7.085528018940573,-4.691226036182927,0.2408535309389088,-11.535900524184592,14.0,signal_exit
2026-02-19 12:00:00+00:00,2026-02-19 14:00:00+00:00,2026-02-19 20:00:00+00:00,short,65873.23210000001,67060.112,0.09124193418188914,-108.29321771760583,-5.458092944827779,0.447862560044394,-113.30344810238921,6.0,signal_exit
2026-02-28 18:00:00+00:00,2026-02-28 20:00:00+00:00,2026-03-01 20:00:00+00:00,long,66344.89749999999,65899.2243,0.06421233138328035,-28.61771520704635,-3.8212665176306198,-0.2529614400836242,-32.691943164760595,24.0,signal_exit
2026-03-01 18:00:00+00:00,2026-03-01 20:00:00+00:00,2026-03-02 04:00:00+00:00,short,65899.2243,66810.037,0.06393286994671146,-58.2308698949128,-3.8180177745376715,-0.21280684677715847,-62.26169451622763,8.0,signal_exit
2026-03-02 02:00:00+00:00,2026-03-02 04:00:00+00:00,2026-03-02 08:00:00+00:00,long,66810.037,65949.2093,0.059001944988129607,-50.790508599657805,-3.5248741860861674,0.008124329828719953,-54.30725845591525,4.0,signal_exit
2026-03-02 06:00:00+00:00,2026-03-02 08:00:00+00:00,2026-03-02 14:00:00+00:00,short,65949.2093,68945.54790724264,0.060137555047690965,-180.19247793457572,-3.6505083992379577,-0.06439546596252994,-183.9073817997762,6.0,stop
2026-03-02 14:00:00+00:00,2026-03-02 16:00:00+00:00,2026-03-03 10:00:00+00:00,long,69112.7276,66623.0071,0.048253801270205315,-120.13847822535601,-2.9473943253656003,0.27260234736484623,-122.81327020335675,18.0,signal_exit
2026-03-03 08:00:00+00:00,2026-03-03 10:00:00+00:00,2026-03-04 08:00:00+00:00,short,66623.0071,69494.8422,0.05424500940043887,-155.78272199601014,-3.32267130668071,0.6165964670722857,-158.48879683561856,22.0,signal_exit
2026-03-04 06:00:00+00:00,2026-03-04 08:00:00+00:00,2026-03-05 10:00:00+00:00,long,69494.8422,72529.2347,0.05062995850759274,153.6311663707507,-3.235802904236772,1.1601104115301837,151.5554738780441,26.0,signal_exit
2026-03-09 00:00:00+00:00,2026-03-09 02:00:00+00:00,2026-03-09 04:00:00+00:00,short,66162.14540000001,67190.151,0.08090820158996476,-83.17408432041182,-4.855182515827169,0.10165562190497579,-87.92761121433401,2.0,signal_exit
2026-03-11 18:00:00+00:00,2026-03-11 20:00:00+00:00,2026-03-12 00:00:00+00:00,long,70618.1791,70114.9592,0.059868164325035514,-30.126851664827726,-3.791445592375057,0.25721793764915934,-33.66107931955362,4.0,signal_exit
2026-03-12 22:00:00+00:00,2026-03-13 00:00:00+00:00,2026-03-13 20:00:00+00:00,long,70521.15,71113.65950000001,0.0695031740743533,41.181290919209054,-4.429830968849866,-1.1116703560494965,35.6397895943097,20.0,signal_exit
2026-03-15 04:00:00+00:00,2026-03-15 06:00:00+00:00,2026-03-17 08:00:00+00:00,long,71484.4389,74188.73670000001,0.10034769527678002,271.37005157206806,-6.57808534579935,-0.928189743897078,263.86377648237163,50.0,signal_exit
2026-03-21 22:00:00+00:00,2026-03-22 00:00:00+00:00,2026-03-23 06:00:00+00:00,short,68854.33750000001,68891.66129999999,0.09548206192966321,-3.563753383048812,-5.918522394593212,-1.7544102871119223,-11.236686064753945,30.0,signal_exit
2026-03-24 14:00:00+00:00,2026-03-24 16:00:00+00:00,2026-03-25 06:00:00+00:00,short,69815.04920000001,71116.3285,0.06723683598565695,-87.49390286563013,-4.264100967441408,0.7431154991438129,-91.01488833392773,14.0,signal_exit
2026-03-25 04:00:00+00:00,2026-03-25 06:00:00+00:00,2026-03-25 20:00:00+00:00,long,71116.3285,70824.74620000001,0.07152279237427911,-20.854780302914374,-4.568409906817564,-0.7963710877239032,-26.21956129745584,14.0,signal_exit
2026-03-30 22:00:00+00:00,2026-03-31 00:00:00+00:00,2026-03-31 02:00:00+00:00,short,66745.9702,67930.37299999999,0.08917979853953081,-105.62480309365587,-5.404684119577519,-0.10137729565699288,-111.13086450889038,2.0,signal_exit
2026-03-31 00:00:00+00:00,2026-03-31 02:00:00+00:00,2026-03-31 10:00:00+00:00,long,67930.37299999999,66058.1766,0.07736184331818101,-144.83656455766146,-4.664520531263486,-0.022588940578560764,-149.52367402950352,8.0,signal_exit
2026-03-31 08:00:00+00:00,2026-03-31 10:00:00+00:00,2026-03-31 16:00:00+00:00,short,66058.1766,68353.43948190367,0.07425648941495548,-170.43816389461946,-4.491420636074823,-0.07677939451360037,-175.0063639252079,6.0,stop
2026-03-31 18:00:00+00:00,2026-03-31 20:00:00+00:00,2026-04-01 22:00:00+00:00,long,67823.3409,68298.5043,0.06371006042601361,30.27268892623039,-3.9025489423466118,0.7034465910030686,27.073586574886846,26.0,signal_exit
2026-04-05 06:00:00+00:00,2026-04-05 08:00:00+00:00,2026-04-05 14:00:00+00:00,short,66749.969,67798.17913333226,0.1644061848916639,-172.3322289859399,-9.954246473477822,-1.6278594082158209,-183.91433486763353,6.0,stop
2026-04-05 16:00:00+00:00,2026-04-05 18:00:00+00:00,2026-04-07 02:00:00+00:00,long,67352.19959999999,68342.4911,0.1488436250664686,147.39857673251177,-9.08878034972755,1.0850150723285887,139.3948114551128,32.0,signal_exit
2026-04-07 22:00:00+00:00,2026-04-08 00:00:00+00:00,2026-04-09 00:00:00+00:00,long,71941.576,71014.68920000001,0.06370376357455845,-59.046177567578596,-4.0980834539112045,-1.105654187027001,-64.2499152085168,24.0,signal_exit
2026-04-09 18:00:00+00:00,2026-04-09 20:00:00+00:00,2026-04-10 00:00:00+00:00,long,72091.621,71735.47290000001,0.0717003461414164,-25.535942047607158,-4.6406035877148,-0.2578929424557377,-30.434438577777694,4.0,signal_exit
2026-04-10 16:00:00+00:00,2026-04-10 18:00:00+00:00,2026-04-11 06:00:00+00:00,long,73116.9285,72666.1936,0.07228400528367186,-32.58092389313501,-4.74200458566596,-0.3280999047465596,-37.651028383547526,12.0,signal_exit
2026-04-11 20:00:00+00:00,2026-04-11 22:00:00+00:00,2026-04-12 00:00:00+00:00,long,73430.0224,72993.0955,0.1024780880242451,-44.77543331836114,-6.752322524223278,-0.18749006692085793,-51.71524590950527,2.0,signal_exit
2026-04-13 12:00:00+00:00,2026-04-13 14:00:00+00:00,2026-04-15 00:00:00+00:00,long,71646.4875,74074.7709,0.10084678772741511,244.88458058180586,-6.612984365956473,1.7196088471280326,239.99120506297743,34.0,signal_exit
2026-04-16 04:00:00+00:00,2026-04-16 06:00:00+00:00,2026-04-16 08:00:00+00:00,long,75031.5027,74648.5987,0.08076509093923444,-30.92527638099622,-5.440017150614175,-0.050722382277569394,-36.41601591388796,2.0,signal_exit
2026-04-16 22:00:00+00:00,2026-04-17 00:00:00+00:00,2026-04-17 02:00:00+00:00,long,75151.5387,74686.5873,0.07007426817814394,-32.58112909340385,-4.724908661085535,-0.07927712865022071,-37.38531488313961,2.0,signal_exit
2026-04-17 08:00:00+00:00,2026-04-17 10:00:00+00:00,2026-04-18 10:00:00+00:00,long,75751.7187,76536.0323,0.07364720341685035,57.76250324180283,-5.047005139106245,1.5541300138605212,54.26962811655711,24.0,signal_exit
2026-04-20 10:00:00+00:00,2026-04-20 12:00:00+00:00,2026-04-21 20:00:00+00:00,long,75176.5462,74949.5084,0.08319587927645722,-18.888609399991687,-5.620441101638591,0.09881639829660911,-24.410234103333668,32.0,signal_exit
2026-04-21 18:00:00+00:00,2026-04-21 20:00:00+00:00,2026-04-22 02:00:00+00:00,short,74949.5084,76288.8798,0.07189609315361677,-96.29557094168932,-4.893052160893525,0.027419775547200376,-101.16120332703565,6.0,signal_exit
2026-04-22 00:00:00+00:00,2026-04-22 02:00:00+00:00,2026-04-23 04:00:00+00:00,long,76288.8798,77691.6855,0.07021038844680193,98.49153311238871,-4.864965886337018,0.7624736638778675,94.38904088992956,26.0,signal_exit
2026-04-26 04:00:00+00:00,2026-04-26 06:00:00+00:00,2026-04-27 08:00:00+00:00,long,77965.3826,77545.7293,0.13141260515024952,-55.147733412898006,-9.196254155065937,-1.1447146149458447,-65.48870218290979,26.0,signal_exit
2026-04-27 06:00:00+00:00,2026-04-27 08:00:00+00:00,2026-04-29 02:00:00+00:00,short,77545.7293,76548.9578,0.09689891570397006,96.58607755462005,-6.719223643079644,0.15198257714127122,90.01883648868167,42.0,signal_exit
2026-04-29 18:00:00+00:00,2026-04-29 20:00:00+00:00,2026-04-30 12:00:00+00:00,short,75504.3419,76041.8057,0.0835702068020807,-44.91596091463195,-5.69913430274579,0.014524314761652418,-50.60057090261609,16.0,signal_exit
2026-05-04 00:00:00+00:00,2026-05-04 02:00:00+00:00,2026-05-04 10:00:00+00:00,long,79760.92109999999,78203.68068743341,0.10846511833778504,-168.9062656294151,-7.710142151724774,0.16077590011083398,-176.45563188102903,8.0,stop
2026-05-04 16:00:00+00:00,2026-05-04 18:00:00+00:00,2026-05-06 00:00:00+00:00,long,80355.0993,80838.7411,0.07150196203905698,34.58133762410102,-5.186554135744774,-0.05183109620961076,29.342952392146632,30.0,signal_exit
2026-05-06 10:00:00+00:00,2026-05-06 12:00:00+00:00,2026-05-06 14:00:00+00:00,long,82504.74399999999,81610.5095,0.08038235223567879,-71.88067256029541,-5.936386551338122,-0.1423396674224876,-77.95939877905602,2.0,signal_exit
2026-05-11 16:00:00+00:00,2026-05-11 18:00:00+00:00,2026-05-12 04:00:00+00:00,long,81918.5682,81001.6922,0.09118474730591118,-83.60510637085365,-6.6851292490142615,0.21198266522886905,-90.07825295463904,10.0,signal_exit
2026-05-13 04:00:00+00:00,2026-05-13 06:00:00+00:00,2026-05-13 12:00:00+00:00,long,81004.294,80140.9505,0.10301818504791914,-88.94008044291695,-7.4704007778719275,-0.34782424704975495,-96.75830546783864,6.0,eod
